0.,0.039657293962350446,0.002496938251436376,0.13919359294918604,0.15246279306683086,0.002859955062674338,0.177833507692601,0.027458430898547586,0.0023287224226987086,0.0002472339178087834,0.0000717461784971555,0.027762784243642452,0.0008606327861879443,0.00010253994451074407,0.0000213744626709883,0.000020547472052449204,0.00008445907422183035,0.00015188730255441746,7.420276402701451e-6,0.000024344960689350905,0.,0.,0.,2.0531141897678743e-6,0.,0.,0.,0.,1.1731748995061932e-6,6.172491885104269e-7,0.,0.,0.,0.02588070394050303,0.00003155367522003625,0.053131154122267966,0.2214690685545067,0.0003250891742894296,0.017445425863919874,3.5075183987602327e-6,0.0005652637985435418,0.,0.,0.,0.,0.,0.,1.4782171434576262e-6,0.,0.,0.,0.,0.00003188450355064843,0.,0.,0.,0.,0.,0.,0.,0.,0.,0.,0.,0.,0.,0.,0.,0.,0.,0.,0.,0.,0.,0.,0.,0.00011462684392319582,0.,9.985042467927244e-7,6.6074371459979564e-6,0.,0.,0.
0.039657293962350446,0.,0.,0.0002565869451458806,0.06247423829434508,0.0012017961648895744,0.05540361186586191,0.00019267810072330914,0.0005319023093960652,0.000059573662821366166,0.00001263782400123723,0.00003448578790290661,6.280506682814485e-6,2.334088359683268e-6,0.,3.302561145547608e-6,0.00001370797115005889,0.000023438369507194114,3.568484949984226e-6,6.942293768500567e-6,0.,0.,0.,2.1750266260374335e-6,0.,0.,0.,0.,0.,0.,0.,0.,0.,0.0006626690586867491,3.900406749105526e-7,0.0000380769494699886,0.0005250772321563686,1.9722778803840087e-6,6.649767983385684e-6,1.1517623521726092e-6,0.,0.,0.,0.,0.,0.,0.,0.,0.,0.,0.,0.,0.,0.,0.,0.,0.,0.,0.,0.,0.,0.,0.,0.,0.,0.,0.,0.,0.,0.,0.,0.,0.,0.,0.,0.,0.,0.,0.,0.,0.,0.,0.
0.002496938251436376,0.,0.,0.007666100880240414,0.000031556519951665464,3.7874026983594717e-6,0.0014619505682402628,0.0013898174212317283,1.2327202473465567e-6,2.002984081570758e-6,0.,0.00007266845843412504,0.,0.,0.,0.,0.,0.,0.,0.,0.,0.,0.,0.,0.,0.,0.,0.,0.,0.,0.,0.,0.,0.,0.,0.00005416602576163688,0.0001110549817202174,0.,4.107463285883598e-6,0.,0.,0.,0.,0.,0.,0.,0.,0.,0.,0.,0.,0.,0.,0.,0.,0.,0.,0.,0.,0.,0.,0.,0.,0.,0.,0.,0.,0.,0.,0.,0.,0.,0.,0.,0.,0.,0.,0.,0.,0.,0.,0.,0.
0.13919359294918604,0.0002565869451458806,0.007666100880240414,0.,0.00670665135502734,0.00013395990416303053,0.15684362562216908,0.025578341113974893,0.00019991324245187276,0.00002768908334054594,0.00002027290998149824,0.015406991520278008,0.0012630985021778393,0.00022612257448046937,0.00004221304258762648,1.599141816431331e-6,1.88552414348172e-6,0.000010394752260811515,2.747828073417601e-7,0.000021356527411029607,0.,0.,0.,0.,0.,0.,0.,0.,3.4677721115200597e-7,0.,4.550852698175317e-7,0.,0.,0.0012182757880385454,0.00004309628161439943,0.0766117683584593,0.06252263066867021,0.00010618177455716732,0.01595467986192789,0.000011825526287631233,0.00002086668749067236,0.,0.,0.,0.,0.,0.,0.,0.,0.,0.,0.,0.00008685726744190445,0.,0.,1.8875348076190782e-7,0.,0.,0.,0.,0.,0.,0.,0.,0.,0.,0.,0.,0.,0.,0.,0.,0.,0.,0.,1.3922302096966899e-6,0.00010677846373028917,0.,0.,0.00004956665984205446,0.,0.,0.00003970634081909356
0.15246279306683086,0.06247423829434508,0.000031556519951665464,0.00670665135502734,0.,0.08374273333651831,0.2103968946396482,0.014064951468888622,0.003244019090746125,0.0018414496441489397,9.193305445289458e-6,0.019575531267472437,0.004880357942729579,0.000019075189629395055,7.185596445779779e-6,0.00016201570075874232,0.000454327302436466,0.00011760698178777084,0.000057191078662358916,0.00004632646586370969,0.,1.997498282784017e-6,3.876317528515892e-6,0.00005328434492748866,1.04943936438519e-6,4.4159470429047406e-7,0.,0.,0.,0.,6.295636018236138e-7,0.,0.,0.00951409288440879,0.000011802300694628354,0.0120897007752879,0.014870257416879208,0.00008625401901399679,0.0002792516967368118,0.000014236866384736765,0.,0.,0.,0.,0.,2.20549001024121e-6,1.5627833530176945e-6,3.0868072916540256e-6,0.,0.,0.,0.,0.00001772366713810972,1.5724237813332555e-6,0.,0.,0.,0.,0.,0.,0.,0.,0.,0.,0.,0.,0.,0.,0.,0.,0.,0.,0.,0.,1.017492517313315e-6,0.,0.00005875398201744249,7.309812947016362e-7,0.,0.,0.,0.,0.
0.002859955062674338,0.0012017961648895744,3.7874026983594717e-6,0.00013395990416303053,0.08374273333651831,0.,0.0728829605199277,0.03631688162560803,0.029242727465535055,0.048359784681557015,0.00008906924063188716,0.002837784031851014,0.015738417644081862,0.0005026742653791971,0.00005574080137478723,0.00627568342703327,0.005027994753483596,0.0008596177644655863,0.000663904230707457,0.0003532691375177469,0.,6.498563557328867e-6,0.000019124949791656594,0.00020762712498138112,0.000019612360317092767,3.982141692363411e-6,0.,0.,2.5699573425930522e-6,0.,0.000019765639362122722,7.509251362457509e-7,0.000013050803671577923,0.0693846602978729,0.0005650049737045595,0.05336168989323395,0.14362402754258782,0.006701967934905366,0.00003805520873663491,0.00029376927039926774,0.0000515967018901806,0.,0.,0.,0.,0.,0.,8.022559511623242e-7,0.,2.023706125534871e-6,0.,0.,0.,0.000022795561554630505,0.,0.,0.,0.,0.,0.,0.,0.,0.,0.,0.,0.,0.,0.,0.,0.,0.,0.,0.,0.,0.,1.6728649200306778e-6,0.000058792102405921574,0.,0.,0.,0.,0.,0.
0.177833507692601,0.05540361186586191,0.0014619505682402628,0.15684362562216908,0.2103968946396482,0.0728829605199277,0.,0.3643616477325495,0.12213878550837938,0.005965348475827906,0.0013832773252034942,0.05505226923816968,0.03130887270874426,0.0006715161985395618,0.00001507367331861507,0.00040382881907158623,0.0007567278917258556,0.0015807285026610406,0.000193062573132251,0.0005471707819017034,8.328992304522373e-7,5.498355124147509e-6,6.9894124341323594e-6,0.00003149339997118866,0.,6.486049806505862e-7,0.,0.,2.2710238092107048e-6,0.,2.738842417024184e-7,0.,9.003060004055419e-7,0.04994452077070873,0.00006655119570334493,0.08844054120837294,0.12994481672817287,0.0006955245146701312,0.00046187465645678447,0.000015055019392069853,2.248119440542818e-6,0.,0.,0.,0.,0.,6.0825002689115e-7,6.233613718432165e-7,0.,4.020286530731206e-6,0.,0.,0.00003236345470439062,0.000056659419878725797,0.,0.,0.,0.,0.,0.,2.849680779341717e-7,0.,0.,0.,0.,0.,0.,0.,0.,0.,0.,0.,0.,0.,0.,2.4315534826088394e-6,0.0001348907229641942,0.,0.,4.383007065555013e-6,3.6955412505636115e-7,0.,0.
0.027458430898547586,0.00019267810072330914,0.0013898174212317283,0.025578341113974893,0.014064951468888622,0.03631688162560803,0.3643616477325495,0.,0.20879591701283148,0.1161066732238806,0.11588230669222707,0.025988381392658588,0.08263359193610281,0.04665665961281159,0.00032979918840293743,0.009200437601232384,0.0007151516978293567,0.008684966788681971,0.00006062755312916765,0.0022986484191011933,0.,0.,0.,7.73881533253352e-7,0.,0.,0.,0.,3.626274094247248e-7,0.,4.917227832501309e-7,0.,0.,0.010576345669860944,0.0005415763166781482,0.08547495639824755,0.040294426323502525,0.0016171558804638107,0.0000609122103657069,0.00005473212075896836,4.498296493637633e-6,0.,0.,0.,0.,0.,0.,0.,0.,0.,0.,0.,9.525792341631467e-6,4.0243954035556175e-6,0.,2.967385752927942e-7,0.,0.,0.,0.,0.,0.,0.,0.,0.,0.,0.,0.,0.,0.,0.,0.,0.,0.,1.017492762198445e-6,1.0708595142770783e-6,0.000021358012341395387,0.,0.,0.,0.,0.,0.
0.0023287224226987086,0.0005319023093960652,1.2327202473465567e-6,0.00019991324245187276,0.003244019090746125,0.029242727465535055,0.12213878550837938,0.20879591701283148,0.,0.2305845173036267,0.008961658495237588,0.0009237626154258828,0.030996600688821038,0.016465967965903456,0.000033759724571622936,0.014362642098106108,0.009921311614758737,0.011944429055188461,0.0013472302024374245,0.0023259326402932106,3.2991178401965297e-6,0.00001084669532046824,0.00004716466320585117,0.00012169962931343065,0.000019062234087743067,4.708449246170057e-7,0.,0.,5.965524793136124e-7,0.,2.815720816694743e-6,9.004920909694877e-6,0.,0.0812272467369506,0.0019648639519156646,0.15038322908223778,0.181288411827167,0.008080796744116863,0.,0.0002653057838441088,0.000114512908228117,0.,0.,0.,0.,0.,0.,0.,0.,9.562134580630823e-7,0.,0.,0.,0.000051863984700414844,4.4862545649473205e-6,0.,0.,0.,0.,0.,0.,0.,0.,0.,0.,0.,0.,0.,0.,0.,0.,0.,0.,0.,0.,0.,0.000029175826586041104,0.,0.,0.,0.,0.,0.
0.0002472339178087834,0.000059573662821366166,2.002984081570758e-6,0.00002768908334054594,0.0018414496441489397,0.048359784681557015,0.005965348475827906,0.1161066732238806,0.2305845173036267,0.,0.498002449967112,0.0001161001524050979,0.0015808386231139435,0.06349547970503026,0.0005026962719694968,0.2730217465653966,0.11762650706159468,0.07374411566577892,0.004304981908772262,0.010624212429151252,0.000014004550924297719,0.000043400672191958994,0.0001138666650761971,0.0005629824387286311,0.00009692349013345048,7.176979967902022e-6,0.,0.,8.198162986784686e-6,8.147119289558783e-7,0.00010509776473912863,0.00011885153992279673,0.00011126851908005954,0.12059460290516055,0.037098755539519745,0.09787897112632878,0.3087404464934632,0.034402460050717926,1.1829189991881086e-6,0.00220850468212198,0.00020036288318675522,2.0112713745459493e-7,0.,0.,0.,0.,0.,0.,0.,7.67474491438639e-7,0.,0.00012994184896005504,0.,3.619538131046251e-6,7.552105905693861e-6,4.08845179295508e-6,0.,0.,0.,0.,0.,0.,0.,0.,0.,0.,0.,0.,0.,0.,0.,0.,0.,0.,0.,6.756965108158316e-6,9.075864780946024e-6,6.826968639684128e-7,0.,0.,0.,0.,6.722343885484637e-7
0.0000717461784971555,0.00001263782400123723,0.,0.00002027290998149824,9.193305445289458e-6,0.00008906924063188716,0.0013832773252034942,0.11588230669222707,0.008961658495237588,0.498002449967112,0.,0.00013525583680316623,0.00047961989750064203,0.005542609623352151,0.0007043299940746652,0.11443239662996778,0.01979343811536841,0.1583851263320562,0.0018879641652163328,0.025347069886883056,3.3386691797515444e-6,0.,0.,2.744952555515964e-6,0.,0.,0.,0.,0.,0.,0.0000666817796597721,0.000040791619684405606,0.000013475484859472955,0.001699001011594847,0.0023380016406415447,0.0031173278057439915,0.005174558264506502,0.000887430228244631,0.,0.00012470700217993714,0.,0.,0.,0.,0.,0.,0.,0.,0.,0.,0.000019317067719176832,0.00003380066297992796,0.,0.,0.,0.,0.,0.,0.,0.,0.000021475895191815475,0.,0.,0.,0.,0.,0.,0.,0.,0.,0.,0.,0.,0.,0.,2.0018558576251333e-6,0.,0.,0.,0.,0.,0.,0.
0.027762784243642452,0.00003448578790290661,0.00007266845843412504,0.015406991520278008,0.019575531267472437,0.002837784031851014,0.05505226923816968,0.025988381392658588,0.0009237626154258828,0.0001161001524050979,0.00013525583680316623,0.,0.025207343034256775,0.0022025878456982677,0.0004491377428924384,0.000015240671299489695,2.5010808431316464e-6,0.00004655571623223783,1.5886310135624996e-6,0.00012395889925271333,0.,0.,0.,0.,0.,0.,0.,0.,0.,0.,3.331424052729659e-7,0.,0.,0.005201833942390126,0.0000679023558829002,0.3271695370882491,0.06770512500258852,0.00037646710273649993,0.022056581069002143,0.0000859849410536141,0.,0.00003697819773385213,0.,0.,0.000049566635806220226,0.00001097922917472878,0.,0.00006154041302246535,0.000013969599846914283,0.,3.0605113145397974e-7,0.,0.0011565354629095167,0.0014806293610582695,0.00008531490956151812,1.0670048005844686e-6,0.,0.,0.,0.,4.364746433259874e-7,0.,0.,0.,0.,0.,0.,0.,0.,0.,0.,0.,0.,0.,0.00008600397567370606,0.000018174449587098913,0.021523854948978047,0.00016536627209144802,5.636026778325015e-6,0.0011360747590189889,0.,0.,0.
0.0008606327861879443,6.280506682814485e-6,0.,0.0012630985021778393,0.004880357942729579,0.015738417644081862,0.03130887270874426,0.08263359193610281,0.030996600688821038,0.0015808386231139435,0.00047961989750064203,0.025207343034256775,0.,0.03360702344518799,0.0032789258264261925,0.000043278088056542745,0.000023265846944663028,0.00009023375463337826,0.000021160314992064134,0.0009404011503538009,0.,7.468722461213578e-7,0.,8.488294504092107e-6,0.,9.37462838631954e-6,0.,0.,0.,0.,0.,0.,0.,0.006125068433944272,0.00033424702813528027,0.4557827382552146,0.019008649412462275,0.00023635949998798532,0.0013822212688499131,0.00022828091000112228,0.,0.,0.,0.,8.00742613367954e-6,0.000021081641694563842,0.000024911130102850574,0.00004785552322717203,0.00003242313599368289,0.000035235981800229126,0.,0.,0.0016229616045344965,0.0010451113645375482,0.0002627730469919955,3.3024161227133057e-6,0.,0.,0.,0.,0.,0.,0.,0.,0.,0.,0.,0.,0.,0.,0.,0.,0.,0.,9.088601910246671e-6,0.00017859757488779257,0.026944562094678316,0.0000408980283629126,1.867317989494988e-6,0.,0.,0.,1.8263421096684932e-6
0.00010253994451074407,2.334088359683268e-6,0.,0.00022612257448046937,0.000019075189629395055,0.0005026742653791971,0.0006715161985395618,0.04665665961281159,0.016465967965903456,0.06349547970503026,0.005542609623352151,0.0022025878456982677,0.03360702344518799,0.,0.019728131746808996,0.024012681721373077,0.0386522564417058,0.03503170584583819,0.0014857561216214956,0.02061223715650733,7.056461049317204e-6,0.,0.,0.000010140009418880145,0.,0.000013748700255591344,0.,0.,0.,0.,0.0001451302179559519,0.00006121333550462603,0.000042859065691730475,0.005717567164046359,0.0442579210382724,0.2876407787228094,0.03431412613018588,0.007301899527183004,0.001805781674100559,0.0027246476348763726,0.000042775102367912645,0.,0.,0.,0.,0.,0.,0.,2.8792883783311552e-6,4.930890133064349e-6,7.556973864588303e-6,0.,0.000017949416510680204,0.0001812093295055003,0.002598935857481431,0.00014384446571627158,0.000012785743677099638,0.,0.,0.,0.,0.,0.,0.,0.,0.,0.,0.,0.,0.,0.,0.,0.,0.,0.,0.009050252920026427,0.006447278250282118,0.,0.,0.00040342326616281973,5.496382507252299e-6,0.,0.000017122501807832568
0.0000213744626709883,0.,0.,0.00004221304258762648,7.185596445779779e-6,0.00005574080137478723,0.00001507367331861507,0.00032979918840293743,0.000033759724571622936,0.0005026962719694968,0.0007043299940746652,0.0004491377428924384,0.0032789258264261925,0.019728131746808996,0.,0.0013582016521696818,0.009382802272194991,0.025394630731622517,0.003509304305405847,0.08008539640167657,0.00010875351763911231,0.00008531311865007707,0.0002064022280366459,0.009838484285599232,0.00017780394045904964,0.0036900276135728763,0.,0.,0.000030711895668258485,0.000028554891358632844,0.0004001475947399417,0.0000673808694447063,0.0002310760988435638,0.002964693322709983,0.03843464381693397,0.0671626792306512,0.0022210699117182564,0.0002617817760510904,0.000013467238028508738,0.07953977808381008,4.345241648879327e-6,0.,0.,0.,0.,0.,5.094411851620746e-7,7.433838896361091e-6,0.00001483958421036484,0.,0.,0.,0.,2.4203107372927793e-6,0.00028656076408369935,0.0037157342103984552,0.,0.000015709733039566474,3.1911270563286184e-6,0.,0.00007905273648371042,0.,0.,0.,5.657447936636092e-6,0.,3.579943592695142e-6,0.,0.,0.,0.,0.,1.7173963585506855e-6,0.,0.00003960082708763338,0.01026975168865963,0.0010465305061256465,0.000011703348330266293,4.4664854155608735e-6,2.530796024434982e-6,0.0020912734410502014,0.,0.0002921371523455692
0.000020547472052449204,3.302561145547608e-6,0.,1.599141816431331e-6,0.00016201570075874232,0.00627568342703327,0.00040382881907158623,0.009200437601232384,0.014362642098106108,0.2730217465653966,0.11443239662996778,0.000015240671299489695,0.000043278088056542745,0.024012681721373077,0.0013582016521696818,0.,0.18277658605769875,0.07313890473591855,0.005638121145243449,0.013054285438305667,2.4569019867224813e-6,0.00001554911306012607,0.00003907355772541317,0.0005353248906862018,0.00005077315962906249,0.000017053581354923488,0.,0.,7.861820684006577e-6,5.570393165351988e-6,0.00021449667665968147,0.0005246891182332349,0.000348492890237159,0.03479305770562037,0.01079128884657659,0.017937996218243824,0.060765346185368246,0.00723234897151015,0.,0.0016280089009223172,0.00005030798015794692,0.,0.,0.,0.,0.,0.,0.,0.,0.,0.,0.000027478294481421277,0.,1.536066656930942e-6,6.173573010407113e-6,0.,0.,0.,0.,0.,0.,0.,0.,0.,0.,0.,0.,0.,0.,0.,0.,0.,0.,0.,0.,7.68936836044929e-6,7.388632229149588e-7,0.,0.,0.,0.,0.,0.
0.00008445907422183035,0.00001370797115005889,0.,1.88552414348172e-6,0.000454327302436466,0.005027994753483596,0.0007567278917258556,0.0007151516978293567,0.009921311614758737,0.11762650706159468,0.01979343811536841,2.5010808431316464e-6,0.000023265846944663028,0.0386522564417058,0.009382802272194991,0.18277658605769875,0.,0.14441624603554878,0.19830700306636964,0.029226108946247276,9.810723027818878e-6,0.0002932506548350418,0.0003232247015097765,0.005324132401018377,0.0009750017981215234,0.0006131715042472818,4.960639528670766e-7,0.,0.00021333335315265958,0.00022913948559734698,0.031997539455362975,0.01444409057214389,0.003033033933534361,0.0607517546848464,0.022977420940592432,0.040336094241791125,0.04405616308775796,0.004991678913162003,0.,0.029633468036128582,0.0003408756359882828,0.,0.,0.,0.,0.,0.,0.,0.,0.,0.,0.,0.,0.,3.922433841534916e-6,0.00007136786074714753,0.,2.090045292655297e-6,1.4308344020116954e-6,0.,0.,0.,0.,0.,0.,0.,0.,0.,0.,0.,0.,0.,0.,0.,2.222708058406189e-6,0.00016310594122119162,0.000021443667701346122,0.,0.,0.,0.00004251538258880949,0.,0.00010997061060028311
0.00015188730255441746,0.000023438369507194114,0.,0.000010394752260811515,0.00011760698178777084,0.0008596177644655863,0.0015807285026610406,0.008684966788681971,0.011944429055188461,0.07374411566577892,0.1583851263320562,0.00004655571623223783,0.00009023375463337826,0.03503170584583819,0.025394630731622517,0.07313890473591855,0.14441624603554878,0.,0.17550037946985084,1.,0.10053495860206103,0.14961833163636465,0.07220919241861647,0.02239504344409147,0.01011529190453083,0.00048504420886298844,4.58950257353466e-7,0.,0.0009390114846350388,0.0005899405100091029,0.00930032916653287,0.0031067866808087343,0.0036000514913835796,0.0318907870756078,0.003472622277653934,0.005419291438691099,0.02586228789313792,0.0021355288435702426,1.7795582056469952e-7,0.004155599127798475,0.00001599949022506931,0.,0.,0.,0.,0.,0.,0.,0.,0.,0.,0.00002840187374645191,0.,0.,0.,0.00005733440959150546,0.,1.4751671156916159e-6,0.,0.,0.,0.000018199858158621875,0.,0.,0.,0.,0.,0.,0.,0.,0.,0.,0.,0.,0.,1.7922778046974818e-6,0.000010164674996510456,0.,0.,0.,0.,0.,7.203612861863124e-6
7.420276402701451e-6,3.568484949984226e-6,0.,2.747828073417601e-7,0.000057191078662358916,0.000663904230707457,0.000193062573132251,0.00006062755312916765,0.0013472302024374245,0.004304981908772262,0.0018879641652163328,1.5886310135624996e-6,0.000021160314992064134,0.0014857561216214956,0.003509304305405847,0.005638121145243449,0.19830700306636964,0.17550037946985084,0.,0.17046948733518966,0.007548426465336367,0.050463581010560345,0.17623691615944886,0.0901378944510484,0.0988935410938883,0.011371219287966966,0.00005678033324423382,0.000014664999502746289,0.03939316245160618,0.02666867714998907,0.0781408110432295,0.04195693333794995,0.01861792801518205,0.07762052332141789,0.0013924617524844352,0.00032224707348795835,0.007926938411930281,0.00025873459725176925,0.,0.051188760704591545,0.00023845334502159247,0.,0.,0.,0.,0.,0.,0.,0.,0.,0.,0.,0.,0.,0.,5.4643042059131916e-6,0.,1.5778812060093108e-6,4.0412347240266347e-7,0.,0.,0.,0.,0.,0.,0.,0.,0.,0.,0.,0.,0.,0.,0.,0.,9.501543618963378e-6,1.6759314023228664e-6,0.,0.,0.,0.,0.,0.000010807282928850163
0.000024344960689350905,6.942293768500567e-6,0.,0.000021356527411029607,0.00004632646586370969,0.0003532691375177469,0.0005471707819017034,0.0022986484191011933,0.0023259326402932106,0.010624212429151252,0.025347069886883056,0.00012395889925271333,0.0009404011503538009,0.02061223715650733,0.08008539640167657,0.013054285438305667,0.029226108946247276,1.,0.17046948733518966,0.,0.015031302185767599,0.03488312772365645,0.0923055292764344,0.03903472817104493,0.006145135283350133,0.001892588828067023,0.,0.,0.0007503588456002959,0.00023329061498933272,0.002577682394453429,0.00043352510888866266,0.0004910502897410167,0.0051660532715976145,0.004123777157160682,0.006289098626442566,0.0032934631559823602,0.0003234141572037627,5.89293369146544e-6,0.05078010685914216,0.000011655570841474738,0.,0.,0.,0.,0.,0.,0.,1.2269612266775927e-6,0.,0.,0.,0.,8.844879800520233e-7,1.8496777278471279e-6,0.00006398969124935123,0.,0.,4.992521948143946e-6,0.,0.,0.,0.,0.,0.,0.,0.,0.,0.,0.,0.,0.,0.,0.,1.037028506886491e-6,0.000010437903962402376,9.80042592439355e-7,0.,0.,0.,0.,0.,0.000019667358868639266
0.,0.,0.,0.,0.,0.,8.328992304522373e-7,0.,3.2991178401965297e-6,0.000014004550924297719,3.3386691797515444e-6,0.,0.,7.056461049317204e-6,0.00010875351763911231,2.4569019867224813e-6,9.810723027818878e-6,0.10053495860206103,0.007548426465336367,0.015031302185767599,0.,0.08072905569534083,0.08910959979111156,0.0061431957587999644,0.0011916294607804893,0.00003959246395301917,0.,0.,0.000023587498758663093,0.,2.151479025713453e-6,0.,1.6491170725075156e-6,0.000016393343628928677,0.,0.,7.716975967819462e-7,0.,0.,0.00003043055582707902,9.562110039779339e-7,0.,0.,0.,0.,0.,0.,0.,0.,0.,0.,0.,0.,0.,0.,0.,0.,0.,0.,0.,0.,0.000029372882940348577,0.00003260421364026882,0.,0.,0.,0.,0.,0.,0.,0.,0.,0.,0.,0.,0.,0.,0.,0.,0.,0.,0.,0.
0.,0.,0.,0.,1.997498282784017e-6,6.498563557328867e-6,5.498355124147509e-6,0.,0.00001084669532046824,0.000043400672191958994,0.,0.,7.468722461213578e-7,0.,0.00008531311865007707,0.00001554911306012607,0.0002932506548350418,0.14961833163636465,0.050463581010560345,0.03488312772365645,0.08072905569534083,0.,0.44014599540283883,0.08313908493944581,0.030127742021667434,0.00005600774324437493,0.,0.,0.0011217596945641934,0.00021700189282327295,0.00013954153099821325,0.00003203065546869597,7.060863914776212e-6,0.00014515648801034477,0.,0.,0.00004809551957485032,8.844873846306244e-7,0.,0.00016302420433257221,2.19685909256807e-6,0.,0.,0.,0.,0.,0.,0.,0.,0.,0.,0.,0.,0.,0.,0.,0.,0.,0.,0.,0.,0.00005748781033468693,0.,0.00003931057836110833,0.000030394397542444162,0.,0.,0.,0.,0.,0.,0.,0.,0.,0.,0.,0.,0.,0.,0.,0.,0.,0.
0.,0.,0.,0.,3.876317528515892e-6,0.000019124949791656594,6.9894124341323594e-6,0.,0.00004716466320585117,0.0001138666650761971,0.,0.,0.,0.,0.0002064022280366459,0.00003907355772541317,0.0003232247015097765,0.07220919241861647,0.17623691615944886,0.0923055292764344,0.08910959979111156,0.44014599540283883,0.,0.2897717911892367,0.34229291148109975,0.003796189478242979,3.1771448710959335e-6,8.442891445465032e-7,0.02602836157634861,0.012252045110256331,0.005833030920372238,0.0007114442375093165,0.00009767468621366673,0.002744776410559488,0.000022793412603281172,3.5588330525212405e-6,0.000267569988086781,4.838333438590425e-6,0.,0.006845969273163588,0.000030397788770649433,0.,0.,0.,0.,0.,0.,0.,0.,0.,0.,0.,0.,0.,0.,0.,0.,0.,0.,0.,0.,0.000020866676119228936,0.,0.,3.6226881423855034e-6,0.,0.,0.,0.,0.,0.,0.,0.,0.,0.,0.,0.,0.,0.,0.,0.,0.,0.
2.0531141897678743e-6,2.1750266260374335e-6,0.,0.,0.00005328434492748866,0.00020762712498138112,0.00003149339997118866,7.73881533253352e-7,0.00012169962931343065,0.0005629824387286311,2.744952555515964e-6,0.,8.488294504092107e-6,0.000010140009418880145,0.009838484285599232,0.0005353248906862018,0.005324132401018377,0.02239504344409147,0.0901378944510484,0.03903472817104493,0.0061431957587999644,0.08313908493944581,0.2897717911892367,0.,0.09193752199667556,0.012425127480699552,0.00001601370467751341,1.0639630409981128e-6,0.010390578812794505,0.005319595103217663,0.010103471767180726,0.000669247694956402,0.000045935810317948524,0.0009515966728576741,0.00021384752374395654,1.2106663521333635e-6,0.00010703044294101116,6.305443070828208e-6,2.0340318436218567e-7,0.020264313801157865,0.000015441104229111802,0.,0.,0.,0.,0.,0.,0.,0.,0.,0.,0.,0.,0.,0.,0.00003380058678898786,0.,0.,0.,0.,0.00001164792682713234,0.00009445377489773289,0.,5.6943005110776286e-6,0.0001870834047181756,0.,0.,0.,0.,0.,0.,0.,0.,0.,0.,0.00006155452073675672,5.86815878526392e-6,0.,0.,0.,0.000024573187988121204,0.,7.100469565232212e-6
0.,0.,0.,0.,1.04943936438519e-6,0.000019612360317092767,0.,0.,0.000019062234087743067,0.00009692349013345048,0.,0.,0.,0.,0.00017780394045904964,0.00005077315962906249,0.0009750017981215234,0.01011529190453083,0.0988935410938883,0.006145135283350133,0.0011916294607804893,0.030127742021667434,0.34229291148109975,0.09193752199667556,0.,0.022957767328813685,0.004763433840446168,0.0011501378895043368,0.11072480836530126,0.07723728406905428,0.04917364652276255,0.028856403441555115,0.00014874024976982642,0.02093707051457605,0.00009813353289344402,0.00001318481791071813,0.0011464856095844413,0.000020283033532859214,0.,0.03271551192183311,0.011736680328607257,0.,0.,0.,0.,0.,0.,0.,0.,0.,0.,0.,0.,0.,0.,0.,0.,0.,0.,0.,0.,0.,0.,0.,0.,0.,0.,0.,0.,0.,0.,0.,0.,0.,0.,0.,0.,0.,0.,0.,0.,0.,0.
0.,0.,0.,0.,4.4159470429047406e-7,3.982141692363411e-6,6.486049806505862e-7,0.,4.708449246170057e-7,7.176979967902022e-6,0.,0.,9.37462838631954e-6,0.000013748700255591344,0.0036900276135728763,0.000017053581354923488,0.0006131715042472818,0.00048504420886298844,0.011371219287966966,0.001892588828067023,0.00003959246395301917,0.00005600774324437493,0.003796189478242979,0.012425127480699552,0.022957767328813685,0.,0.011960760975118027,0.000017245191360643696,0.013912008164443952,0.01151470352616242,0.013387327058705626,0.0048233392446029545,0.000031698642880907784,0.0010485238927031874,0.0031174628582260476,0.00003520033675888978,0.000044211428618054115,0.00014992230434195588,0.00017317564434702292,0.04827935101430656,0.0005307295675280472,0.,0.,0.,0.,0.,0.,0.,0.,0.,0.,0.,0.,0.,0.,0.,0.,0.,0.,0.,0.,0.,0.,0.,0.,0.,0.,0.,0.,0.,0.,0.,0.,0.,0.,7.867556634023462e-6,0.,0.,0.,0.,0.,0.,0.00015709643008369467
0.,0.,0.,0.,0.,0.,0.,0.,0.,0.,0.,0.,0.,0.,0.,0.,4.960639528670766e-7,4.58950257353466e-7,0.00005678033324423382,0.,0.,0.,3.1771448710959335e-6,0.00001601370467751341,0.004763433840446168,0.011960760975118027,0.,0.0008213563674309286,0.008168679286952994,0.0022963980815470814,0.00006340280680802344,0.0023108142162155403,5.58876450533378e-6,0.005630699437412769,6.6497638919564965e-6,0.,0.00013933810040587217,0.,6.440332038070173e-6,0.016428710767866547,0.0026747339243018645,0.,0.,0.,0.,0.,0.,0.,0.,0.,0.,0.,0.,0.,0.,0.,0.,0.,0.,0.,0.,0.,0.,0.,0.,0.,0.,0.,0.,0.,0.,0.,0.,0.,0.,0.,0.,0.,0.,0.,0.,0.,0.
0.,0.,0.,0.,0.,0.,0.,0.,0.,0.,0.,0.,0.,0.,0.,0.,0.,0.,0.000014664999502746289,0.,0.,0.,8.442891445465032e-7,1.0639630409981128e-6,0.0011501378895043368,0.000017245191360643696,0.0008213563674309286,0.,0.002100694535809091,0.001089500387055804,0.000044632845425617305,0.0031665207960821554,0.,0.00932260409438684,0.,0.,0.000437593714470329,0.000019089707481542747,0.,0.000743160266788077,0.007278206250957797,0.,0.,0.,0.,0.,0.,0.,0.,0.,0.,0.,0.,0.,0.,0.,0.,0.,0.,0.,0.,0.,0.,0.,0.,0.,0.,0.,0.,0.,0.,0.,0.,0.,0.,0.,0.,0.,0.,0.,0.,0.,0.
1.1731748995061932e-6,0.,0.,3.4677721115200597e-7,0.,2.5699573425930522e-6,2.2710238092107048e-6,3.626274094247248e-7,5.965524793136124e-7,8.198162986784686e-6,0.,0.,0.,0.,0.000030711895668258485,7.861820684006577e-6,0.00021333335315265958,0.0009390114846350388,0.03939316245160618,0.0007503588456002959,0.000023587498758663093,0.0011217596945641934,0.02602836157634861,0.010390578812794505,0.11072480836530126,0.013912008164443952,0.008168679286952994,0.002100694535809091,0.,0.2999842906482531,0.09588518043827968,0.04761619004426455,0.00015791504138164974,0.037404015716684294,0.00010978616497254377,0.,0.0013703335079459705,0.000020039219443680443,0.,0.032820819617280055,0.05487057864673388,0.,0.,0.,0.,0.,0.,0.,0.,0.,0.,0.,0.,0.,0.,0.,0.,0.,0.,0.,0.,0.,0.,0.,0.,0.,0.,0.,0.,0.,0.,0.,0.,0.,0.,0.,0.,0.,0.,0.,0.,0.,0.
6.172491885104269e-7,0.,0.,0.,0.,0.,0.,0.,0.,8.147119289558783e-7,0.,0.,0.,0.,0.000028554891358632844,5.570393165351988e-6,0.00022913948559734698,0.0005899405100091029,0.02666867714998907,0.00023329061498933272,0.,0.00021700189282327295,0.012252045110256331,0.005319595103217663,0.07723728406905428,0.01151470352616242,0.0022963980815470814,0.001089500387055804,0.2999842906482531,0.,0.062069678646046046,0.06229478373080073,0.0006289591853143165,0.027234796779113238,0.00015360655885689054,7.1268414350504854e-6,0.0009191787591405432,0.000019888072665602302,0.,0.03478031443900758,0.015367304875632102,0.,0.,0.,0.,0.,0.,0.,0.,0.,0.,0.,0.,0.,0.,0.,0.,0.,0.,0.,0.,0.,0.,0.,0.,0.,0.,0.,0.,0.,0.,0.,0.,0.,0.,0.,0.,0.,0.,0.,0.,0.,0.
0.,0.,0.,4.550852698175317e-7,6.295636018236138e-7,0.000019765639362122722,2.738842417024184e-7,4.917227832501309e-7,2.815720816694743e-6,0.00010509776473912863,0.0000666817796597721,3.331424052729659e-7,0.,0.0001451302179559519,0.0004001475947399417,0.00021449667665968147,0.031997539455362975,0.00930032916653287,0.0781408110432295,0.002577682394453429,2.151479025713453e-6,0.00013954153099821325,0.005833030920372238,0.010103471767180726,0.04917364652276255,0.013387327058705626,0.00006340280680802344,0.000044632845425617305,0.09588518043827968,0.062069678646046046,0.,0.07073220311357446,0.014758718648779541,0.03228587396027634,0.0011735261704359915,0.00014244971497997795,0.0020702683692124546,0.00019794129593689677,0.,0.07470416098787966,0.0004189371882821089,0.,0.,0.,0.,0.,0.,0.,0.,0.,0.,0.,0.,0.,0.,5.137540267858733e-6,0.,0.,0.,0.,0.,0.,0.,0.,0.,0.,0.,0.,0.,0.,0.,0.,0.,0.,0.,1.5973826010510952e-6,0.,0.,0.,0.,0.,0.,0.
0.,0.,0.,0.,0.,7.509251362457509e-7,0.,0.,9.004920909694877e-6,0.00011885153992279673,0.000040791619684405606,0.,0.,0.00006121333550462603,0.0000673808694447063,0.0005246891182332349,0.01444409057214389,0.0031067866808087343,0.04195693333794995,0.00043352510888866266,0.,0.00003203065546869597,0.0007114442375093165,0.000669247694956402,0.028856403441555115,0.0048233392446029545,0.0023108142162155403,0.0031665207960821554,0.04761619004426455,0.06229478373080073,0.07073220311357446,0.,0.05461582030794972,0.05942820567528128,0.004761430028196446,0.00014957675884113108,0.006519925870445617,0.0008590795774705155,0.,0.09551630371095944,0.010328043065735938,0.,0.,0.,0.,0.,0.,0.,0.,0.,0.,0.,0.,0.,0.,1.6504208507545625e-6,0.,0.,0.,0.,0.,0.,0.,0.,0.,0.,0.,0.,0.,0.,0.,0.,0.,0.,0.,0.,0.,0.,0.,0.,0.,0.,0.00003896668086689192
0.,0.,0.,0.,0.,0.000013050803671577923,9.003060004055419e-7,0.,0.,0.00011126851908005954,0.000013475484859472955,0.,0.,0.000042859065691730475,0.0002310760988435638,0.000348492890237159,0.003033033933534361,0.0036000514913835796,0.01861792801518205,0.0004910502897410167,1.6491170725075156e-6,7.060863914776212e-6,0.00009767468621366673,0.000045935810317948524,0.00014874024976982642,0.000031698642880907784,5.58876450533378e-6,0.,0.00015791504138164974,0.0006289591853143165,0.014758718648779541,0.05461582030794972,0.,0.005328088798229249,0.01067211295086333,0.0009516669473151717,0.007621026945661978,0.001180631665597719,0.,0.00993896766204217,0.0004105714701030705,0.,0.,0.,0.,0.,0.,0.,0.,0.,0.,0.,0.,0.,0.,4.484311758808032e-6,0.,0.,0.,0.,0.,0.,0.,0.,0.,0.,0.,0.,0.,0.,0.,0.,0.,0.,0.,0.000013900094198656358,1.1513757991045021e-6,0.,0.,0.,1.6759308846567287e-6,0.,0.000033133995088162324
0.02588070394050303,0.0006626690586867491,0.,0.0012182757880385454,0.00951409288440879,0.0693846602978729,0.04994452077070873,0.010576345669860944,0.0812272467369506,0.12059460290516055,0.001699001011594847,0.005201833942390126,0.006125068433944272,0.005717567164046359,0.002964693322709983,0.03479305770562037,0.0607517546848464,0.0318907870756078,0.07762052332141789,0.0051660532715976145,0.000016393343628928677,0.00014515648801034477,0.002744776410559488,0.0009515966728576741,0.02093707051457605,0.0010485238927031874,0.005630699437412769,0.00932260409438684,0.037404015716684294,0.027234796779113238,0.03228587396027634,0.05942820567528128,0.005328088798229249,0.,0.0919821219345519,0.03496084446274663,0.5027332591029559,0.016943513363470705,0.0012007796748065495,0.1503761891071748,0.1844446404545675,0.,0.,0.,0.,0.,0.,0.,6.791814611276302e-7,0.,7.080806894111076e-7,1.0436641003693121e-6,0.,6.869582212225976e-6,9.276284953999016e-7,0.00014207496003701382,0.,0.,0.,0.,0.,0.,0.,0.,0.,0.,0.,0.,0.,0.,0.,0.,0.,0.,8.163413126903631e-6,0.0003621952955658924,0.00011077973351503866,2.317632408799068e-6,0.,4.08430889096638e-6,5.3244571891484654e-6,0.,0.0004834781922721592
0.00003155367522003625,3.900406749105526e-7,0.,0.00004309628161439943,0.000011802300694628354,0.0005650049737045595,0.00006655119570334493,0.0005415763166781482,0.0019648639519156646,0.037098755539519745,0.0023380016406415447,0.0000679023558829002,0.00033424702813528027,0.0442579210382724,0.03843464381693397,0.01079128884657659,0.022977420940592432,0.003472622277653934,0.0013924617524844352,0.004123777157160682,0.,0.,0.000022793412603281172,0.00021384752374395654,0.00009813353289344402,0.0031174628582260476,6.6497638919564965e-6,0.,0.00010978616497254377,0.00015360655885689054,0.0011735261704359915,0.004761430028196446,0.01067211295086333,0.0919821219345519,0.,0.1493057182575605,0.11286636050092254,0.06396602763747794,0.033337261963836115,0.3927113513895338,0.03389267516371737,0.,0.,0.,0.00007060093463766636,0.,0.,0.,0.,5.504211407946835e-7,0.,0.,0.00004353355965312143,0.00013914971144928358,0.006001165879008262,0.004654121818989479,2.303997056748248e-6,0.000047774114147874326,0.000021791890939155674,0.,0.,0.,0.,0.,0.,0.,0.,0.,0.,0.,0.,0.,5.655670013588078e-6,0.,0.00007235399468395013,0.15652403956080863,0.007730580062971212,0.00004864750100332921,0.002242873361130308,0.0044177845292072354,0.0014980001870006122,0.000047873552912091065,0.2265232759623292
0.053131154122267966,0.0000380769494699886,0.00005416602576163688,0.0766117683584593,0.0120897007752879,0.05336168989323395,0.08844054120837294,0.08547495639824755,0.15038322908223778,0.09787897112632878,0.0031173278057439915,0.3271695370882491,0.4557827382552146,0.2876407787228094,0.0671626792306512,0.017937996218243824,0.040336094241791125,0.005419291438691099,0.00032224707348795835,0.006289098626442566,0.,0.,3.5588330525212405e-6,1.2106663521333635e-6,0.00001318481791071813,0.00003520033675888978,0.,0.,0.,7.1268414350504854e-6,0.00014244971497997795,0.00014957675884113108,0.0009516669473151717,0.03496084446274663,0.1493057182575605,0.,0.3193926269793463,0.2936102816779967,0.015835080824553472,0.03779499316629684,0.01244731344911492,0.00005068030689745723,0.,0.,0.00011617243518162594,0.00007938776550753509,0.00009110767654728547,0.00024742751063761356,0.000033531679214216596,0.00012099480216018921,0.000021923493830259572,0.,0.02503021539374469,0.042474649646267224,0.013793300274548616,0.0016632493469912715,2.0018561955224667e-6,0.000018838147043366607,0.000019197502748179116,3.37067165080256e-6,1.9292456094205356e-7,0.,0.,0.,0.,0.,0.,0.,0.,0.,0.,0.,5.946914782804925e-6,0.,0.00013600434326508097,0.02052178073435065,0.5667451568450029,0.0007136933312393558,0.0002460903919197003,0.02256199078037432,0.00018732430506525103,9.084273111129882e-6,0.0028961630402493063
0.2214690685545067,0.0005250772321563686,0.0001110549817202174,0.06252263066867021,0.014870257416879208,0.14362402754258782,0.12994481672817287,0.040294426323502525,0.181288411827167,0.3087404464934632,0.005174558264506502,0.06770512500258852,0.019008649412462275,0.03431412613018588,0.0022210699117182564,0.060765346185368246,0.04405616308775796,0.02586228789313792,0.007926938411930281,0.0032934631559823602,7.716975967819462e-7,0.00004809551957485032,0.000267569988086781,0.00010703044294101116,0.0011464856095844413,0.000044211428618054115,0.00013933810040587217,0.000437593714470329,0.0013703335079459705,0.0009191787591405432,0.0020702683692124546,0.006519925870445617,0.007621026945661978,0.5027332591029559,0.11286636050092254,0.3193926269793463,0.,0.07126994542583724,0.010821583916397065,0.02521509342123763,0.04157705792834295,0.,0.,0.,0.,0.,0.,3.3606293324816934e-6,0.,0.,0.,0.,0.00036786840112333337,0.00002628283333191068,0.000011305858258036549,0.000018161127427365397,0.,0.,0.,0.,0.,0.,0.,0.,0.,0.,0.,0.,0.,0.,0.,0.,0.,0.,0.,0.00009626745802165114,0.0011102375870599864,0.0000137933536892398,0.00005714225144550078,0.00011489615147949395,5.7858091213708625e-6,2.1318752212449646e-6,0.0009225203453534609
0.0003250891742894296,1.9722778803840087e-6,0.,0.00010618177455716732,0.00008625401901399679,0.006701967934905366,0.0006955245146701312,0.0016171558804638107,0.008080796744116863,0.034402460050717926,0.000887430228244631,0.00037646710273649993,0.00023635949998798532,0.007301899527183004,0.0002617817760510904,0.00723234897151015,0.004991678913162003,0.0021355288435702426,0.00025873459725176925,0.0003234141572037627,0.,8.844873846306244e-7,4.838333438590425e-6,6.305443070828208e-6,0.000020283033532859214,0.00014992230434195588,0.,0.000019089707481542747,0.000020039219443680443,0.000019888072665602302,0.00019794129593689677,0.0008590795774705155,0.001180631665597719,0.016943513363470705,0.06396602763747794,0.2936102816779967,0.07126994542583724,0.,0.022990838742007212,0.06028705290766783,0.022979086884488895,0.,0.,0.,0.,0.,0.,0.,0.,0.,0.,0.,7.288694486966726e-6,0.,0.,0.,0.,0.,0.,0.,0.,0.,0.,0.,0.,0.,0.,0.,0.,0.,0.,0.,0.,0.,0.,0.005363058308505366,0.0011347545289895123,0.000010621757522978273,0.005997203816307487,0.005604821712672905,0.00005733613905058625,0.000033310981009246755,0.005543733085248217
0.017445425863919874,6.649767983385684e-6,4.107463285883598e-6,0.01595467986192789,0.0002792516967368118,0.00003805520873663491,0.00046187465645678447,0.0000609122103657069,0.,1.1829189991881086e-6,0.,0.022056581069002143,0.0013822212688499131,0.001805781674100559,0.000013467238028508738,0.,0.,1.7795582056469952e-7,0.,5.89293369146544e-6,0.,0.,0.,2.0340318436218567e-7,0.,0.00017317564434702292,6.440332038070173e-6,0.,0.,0.,0.,0.,0.,0.0012007796748065495,0.033337261963836115,0.015835080824553472,0.010821583916397065,0.022990838742007212,0.,0.018527393525197656,0.008387920665179157,3.6662028428560188e-6,0.,0.,0.00013638084528029895,0.,0.,2.3633219706688267e-6,0.,0.,0.,0.,0.0028329524041206,0.00009865592864783147,0.0009650028716359937,0.000028798349838641493,0.,0.,0.,0.,6.497618135892304e-7,0.,0.,0.,0.,0.,3.8015612532488626e-6,0.,0.,0.,0.,0.,0.,0.,7.648014082280759e-6,0.005555379993735297,0.009819409414318091,0.0001222725119671499,0.0025224010349003158,0.004959651028658104,0.00021321263685963434,0.00019534458821677958,0.01125444854225506
3.5075183987602327e-6,1.1517623521726092e-6,0.,0.000011825526287631233,0.000014236866384736765,0.00029376927039926774,0.000015055019392069853,0.00005473212075896836,0.0002653057838441088,0.00220850468212198,0.00012470700217993714,0.0000859849410536141,0.00022828091000112228,0.0027246476348763726,0.07953977808381008,0.0016280089009223172,0.029633468036128582,0.004155599127798475,0.051188760704591545,0.05078010685914216,0.00003043055582707902,0.00016302420433257221,0.006845969273163588,0.020264313801157865,0.03271551192183311,0.04827935101430656,0.016428710767866547,0.000743160266788077,0.032820819617280055,0.03478031443900758,0.07470416098787966,0.09551630371095944,0.00993896766204217,0.1503761891071748,0.3927113513895338,0.03779499316629684,0.02521509342123763,0.06028705290766783,0.018527393525197656,0.,0.020127070340796773,0.,0.,0.,2.773621474973698e-6,0.,0.,2.28453236963797e-7,0.,0.,0.,0.,0.,0.,0.,0.0015811226334990155,0.,1.8432942391692429e-6,0.,6.89807449382779e-7,3.086785211230441e-6,0.,0.,0.,0.,0.,0.,0.,0.,0.,0.,0.,1.1749121650526386e-6,0.,0.0000431553696783966,0.005866519916726119,0.00046582738257719246,0.00001001773565890335,0.00004816117554352172,0.0000600868386603464,0.0018227434140768407,0.,0.023169499037669912
0.0005652637985435418,0.,0.,0.00002086668749067236,0.,0.0000515967018901806,2.248119440542818e-6,4.498296493637633e-6,0.000114512908228117,0.00020036288318675522,0.,0.,0.,0.000042775102367912645,4.345241648879327e-6,0.00005030798015794692,0.0003408756359882828,0.00001599949022506931,0.00023845334502159247,0.000011655570841474738,9.562110039779339e-7,2.19685909256807e-6,0.000030397788770649433,0.000015441104229111802,0.011736680328607257,0.0005307295675280472,0.0026747339243018645,0.007278206250957797,0.05487057864673388,0.015367304875632102,0.0004189371882821089,0.010328043065735938,0.0004105714701030705,0.1844446404545675,0.03389267516371737,0.01244731344911492,0.04157705792834295,0.022979086884488895,0.008387920665179157,0.020127070340796773,0.,0.,0.,0.,0.000016257671304931328,0.,0.,0.,0.,0.,0.,0.,0.,0.,0.,0.,0.,0.,0.,0.,0.,0.,0.,0.,0.,0.,0.,0.,0.,0.,0.,0.,0.,0.,0.,0.00018733132943830855,3.0442272581940637e-6,0.,0.0001117565815190964,0.00017286860711322388,0.000010619563620825022,0.000050708310899254755,0.005051931783523345
0.,0.,0.,0.,0.,0.,0.,0.,0.,2.0112713745459493e-7,0.,0.00003697819773385213,0.,0.,0.,0.,0.,0.,0.,0.,0.,0.,0.,0.,0.,0.,0.,0.,0.,0.,0.,0.,0.,0.,0.,0.00005068030689745723,0.,0.,3.6662028428560188e-6,0.,0.,0.,0.03119172887729507,0.0012933357138746522,0.14563337836538756,0.1758976780262427,0.004381380840384631,0.1979066840531171,0.022386287678360033,0.005822402375563379,0.0006832989901573145,0.00010782349576749249,0.04514666527908426,0.0003252787902650016,0.00008447341077620482,0.000015067046495782969,0.000048474606590854935,0.00010769025697559324,0.0004048218089097672,0.000013888854773475831,0.0002137157248922568,0.,2.7208815840579737e-6,4.090134858056564e-7,9.85806180336169e-6,3.0901765403618203e-7,0.,0.,0.,0.,0.,0.,0.000015928946514196306,1.5231462419267908e-6,0.01596188398485955,0.000027635547494683367,0.05518640680091374,0.1739283060833091,0.00035432160639139293,0.022742387396493185,0.000017515490458197165,0.0010014378803198153,0.
0.,0.,0.,0.,0.,0.,0.,0.,0.,0.,0.,0.,0.,0.,0.,0.,0.,0.,0.,0.,0.,0.,0.,0.,0.,0.,0.,0.,0.,0.,0.,0.,0.,0.,0.,0.,0.,0.,0.,0.,0.,0.03119172887729507,0.,2.6080695662851604e-6,0.0003261129020127198,0.05104156177588693,0.0006790475988987464,0.04976480012480781,0.00011453997376611215,0.0005639369414513048,0.00007156750053402429,7.800806523648137e-7,0.00021118091566375136,1.4619634840971147e-6,2.331930280882239e-6,1.4889492036274275e-6,2.440360812509664e-6,0.000020551258350905665,0.000015349650814452726,1.6932809046498635e-6,6.876014097174832e-6,0.,2.5437285383443566e-7,0.,1.65527211404371e-6,0.,2.6343516078213424e-7,0.,0.,0.,0.,0.,4.196058116744744e-6,0.,0.00013950271554396006,2.510345751187151e-6,0.00008191254764275878,0.00022350341918355945,4.7491339866141854e-7,2.5561678245964157e-6,1.138112881165262e-6,0.,0.
0.,0.,0.,0.,0.,0.,0.,0.,0.,0.,0.,0.,0.,0.,0.,0.,0.,0.,0.,0.,0.,0.,0.,0.,0.,0.,0.,0.,0.,0.,0.,0.,0.,0.,0.,0.,0.,0.,0.,0.,0.,0.0012933357138746522,2.6080695662851604e-6,0.,0.008285340696757177,0.000036428061194934764,3.855361884021271e-6,0.0008674064323454614,0.0021234086153579072,4.7942318298468355e-6,0.,2.0983085659980965e-6,0.00044431794907162485,4.189823329157866e-7,4.668756554571989e-6,0.,0.,0.,0.,0.,0.,0.,0.,0.,0.,0.,0.,0.,0.,0.,0.,0.,0.,0.,6.113290404616094e-6,0.,0.00002398934244162969,0.00011304036268491448,0.,0.000011652811573921939,0.,0.,0.
0.,0.,0.,0.,0.,0.,0.,0.,0.,0.,0.,0.000049566635806220226,8.00742613367954e-6,0.,0.,0.,0.,0.,0.,0.,0.,0.,0.,0.,0.,0.,0.,0.,0.,0.,0.,0.,0.,0.,0.00007060093463766636,0.00011617243518162594,0.,0.,0.00013638084528029895,2.773621474973698e-6,0.000016257671304931328,0.14563337836538756,0.0003261129020127198,0.008285340696757177,0.,0.011427935977349982,0.00044280137945145316,0.13081093480335781,0.06916958356660959,0.0006985275428976206,0.00005213078801061823,0.00006427756423252963,0.03361742803352836,0.001000150760064043,0.00020204716763714512,0.00004617686210081924,0.000014921423081650724,9.872477773578289e-6,0.000052655092248008945,3.437478598610273e-6,0.00004389587498770368,0.,3.3871879586608973e-7,0.,2.592572842022746e-7,2.2641811172319857e-7,0.,0.,0.,0.,0.,0.,3.3434837687488594e-7,0.,0.0019469211808130894,0.0005713374352802198,0.0810910949049603,0.05626080531034118,0.0003294278933166192,0.01625496928259642,0.00010708627728172582,0.0001839454247817805,0.00008757041662567168
0.,0.,0.,0.,2.20549001024121e-6,0.,0.,0.,0.,0.,0.,0.00001097922917472878,0.000021081641694563842,0.,0.,0.,0.,0.,0.,0.,0.,0.,0.,0.,0.,0.,0.,0.,0.,0.,0.,0.,0.,0.,0.,0.00007938776550753509,0.,0.,0.,0.,0.,0.1758976780262427,0.05104156177588693,0.000036428061194934764,0.011427935977349982,0.,0.12607548866892362,0.21058566193926764,0.016407445259216134,0.007304942426695758,0.0020897502548358196,9.50785811466539e-6,0.0277565692853326,0.002932743623490456,0.000020905213777518474,0.000014219770269890632,0.00019684547135449495,0.0006495806631527292,0.00016771514489922668,0.000025132449362274048,0.00005831273040714757,0.,0.,9.134831004389262e-7,0.000035991459316411106,2.0852659947761154e-6,7.666020948247876e-7,0.,0.,1.5473421839237445e-6,0.,0.,0.00004437409553358066,8.055904250462773e-6,0.007069369101814968,0.00004454106249043484,0.011523923290350561,0.010971533753712116,0.00006870766721283632,0.00010571733492745294,0.00008955351787802765,0.,0.
0.,0.,0.,0.,1.5627833530176945e-6,0.,6.0825002689115e-7,0.,0.,0.,0.,0.,0.000024911130102850574,0.,5.094411851620746e-7,0.,0.,0.,0.,0.,0.,0.,0.,0.,0.,0.,0.,0.,0.,0.,0.,0.,0.,0.,0.,0.00009110767654728547,0.,0.,0.,0.,0.,0.004381380840384631,0.0006790475988987464,3.855361884021271e-6,0.00044280137945145316,0.12607548866892362,0.,0.06192955342361525,0.015682663630593462,0.021141080555579377,0.06018015597403235,0.00002717887893100403,0.004531681784402721,0.009386674531649113,0.0001952235070132276,0.0000729789073016944,0.006387582780128129,0.007276899258712479,0.00045376204169397024,0.00019025122852198568,0.00015272957391833863,3.0950388010314733e-6,0.000014588443872802258,2.1147653689872523e-6,0.00020111940613047683,0.000026643128454429435,0.000010984920048635516,0.,0.,2.5112796455906176e-6,5.50421433095203e-7,0.000011908521903070047,0.000501780036731797,0.000017848886785604627,0.05113979313673587,0.0007087271817923314,0.039748913943116145,0.0857136211642765,0.00262334641177094,0.000052315024512885404,0.0008124108866329771,0.00001106584097705227,2.2797446234733734e-6
1.4782171434576262e-6,0.,0.,0.,3.0868072916540256e-6,8.022559511623242e-7,6.233613718432165e-7,0.,0.,0.,0.,0.00006154041302246535,0.00004785552322717203,0.,7.433838896361091e-6,0.,0.,0.,0.,0.,0.,0.,0.,0.,0.,0.,0.,0.,0.,0.,0.,0.,0.,0.,0.,0.00024742751063761356,3.3606293324816934e-6,0.,2.3633219706688267e-6,2.28453236963797e-7,0.,0.1979066840531171,0.04976480012480781,0.0008674064323454614,0.13081093480335781,0.21058566193926764,0.06192955342361525,0.,0.26956059452881476,0.11909959203123327,0.00506034457394635,0.00073353139646967,0.10119094086097956,0.03676250816915262,0.0007499549830031345,0.00007723756028735139,0.00041021381680275487,0.0006163734629977556,0.0015696601143204644,0.00013734860861609613,0.0008230731079635963,2.529784857476008e-6,0.000014068029396768783,8.934744939505665e-6,0.0000501127503025086,2.575750038805703e-6,3.0393889141944384e-6,0.,0.,1.2380878966761046e-6,0.,7.788483897029979e-6,0.000039075730877606735,1.969291496860385e-6,0.05419404565819554,0.0002876772850597094,0.0910400989333024,0.08661272895602512,0.0013391623284156166,0.0007329323202668252,0.000099338842125204,7.134614641828234e-6,0.
0.,0.,0.,0.,0.,0.,0.,0.,0.,0.,0.,0.000013969599846914283,0.00003242313599368289,2.8792883783311552e-6,0.00001483958421036484,0.,0.,0.,0.,1.2269612266775927e-6,0.,0.,0.,0.,0.,0.,0.,0.,0.,0.,0.,0.,0.,6.791814611276302e-7,0.,0.000033531679214216596,0.,0.,0.,0.,0.,0.022386287678360033,0.00011453997376611215,0.0021234086153579072,0.06916958356660959,0.016407445259216134,0.015682663630593462,0.26956059452881476,0.,0.17029195308466621,0.11737014459720325,0.1181223119190048,0.07925658838274978,0.169489444669381,0.04261229305743169,0.000335826044337533,0.005621604203208138,0.0001734135147037688,0.004680215367823987,0.0000315103224497224,0.00251547247998052,2.0264389770307223e-6,8.2446840044449e-7,4.8029107410741155e-6,4.8023864769009996e-6,4.982571348178572e-7,7.211753134778169e-7,0.,0.,0.,0.,0.,2.142650580621367e-6,0.,0.013080448792403762,0.0015053796268638517,0.11491027857032625,0.04235928686072024,0.0013331216884277712,0.00009128842985548976,0.000012260646608402536,1.4541762686529856e-6,2.0791913415253715e-6
0.,0.,0.,0.,0.,2.023706125534871e-6,4.020286530731206e-6,0.,9.562134580630823e-7,7.67474491438639e-7,0.,0.,0.000035235981800229126,4.930890133064349e-6,0.,0.,0.,0.,0.,0.,0.,0.,0.,0.,0.,0.,0.,0.,0.,0.,0.,0.,0.,0.,5.504211407946835e-7,0.00012099480216018921,0.,0.,0.,0.,0.,0.005822402375563379,0.0005639369414513048,4.7942318298468355e-6,0.0006985275428976206,0.007304942426695758,0.021141080555579377,0.11909959203123327,0.17029195308466621,0.,0.21871509277561577,0.013052250820375798,0.003346283489682099,0.061681524554621864,0.020715451609928555,0.00015912071683535622,0.01393617470472301,0.004521988948980021,0.01260387914827384,0.00111567743507531,0.004252522651085621,0.000012565081405441865,0.0001061204625687429,0.0001362315972483214,0.0006601543048549721,0.00007096409884396487,0.000043183423333321106,0.,0.,4.436313459205998e-6,0.,0.00004933258377418126,0.0002109375805142767,7.889404358063415e-7,0.06413945230045127,0.008015151891197272,0.22584094846220007,0.24817270298936087,0.010360649630197505,0.00006155764609493722,0.0007689202636469657,0.00006975176373098677,2.5177491580271977e-6
0.,0.,0.,0.,0.,0.,0.,0.,0.,0.,0.000019317067719176832,3.0605113145397974e-7,0.,7.556973864588303e-6,0.,0.,0.,0.,0.,0.,0.,0.,0.,0.,0.,0.,0.,0.,0.,0.,0.,0.,0.,7.080806894111076e-7,0.,0.000021923493830259572,0.,0.,0.,0.,0.,0.0006832989901573145,0.00007156750053402429,0.,0.00005213078801061823,0.0020897502548358196,0.06018015597403235,0.00506034457394635,0.11737014459720325,0.21871509277561577,0.,0.4654533170582704,0.0002909264496808483,0.0028069301667410142,0.06921096502986551,0.000730418012718732,0.2379113425695727,0.08485053894397454,0.0929136425219641,0.002718885434175444,0.017252676329596327,0.00004347173461538247,0.00014192094746598902,0.0001491902708423481,0.0012240753067340874,0.00015204277991143753,0.00013142551181864978,0.,0.,0.000026708206186372672,1.5647675389952654e-6,0.00020627976175180518,0.0009011773206694927,0.00004257836405394167,0.15064924148750877,0.0816687546652819,0.12391238239162994,0.32365058024644333,0.033880729746550965,0.000010307925784429957,0.0017472869072312235,0.00008097094270492608,0.
0.,0.,0.,0.,0.,0.,0.,0.,0.,0.00012994184896005504,0.00003380066297992796,0.,0.,0.,0.,0.000027478294481421277,0.,0.00002840187374645191,0.,0.,0.,0.,0.,0.,0.,0.,0.,0.,0.,0.,0.,0.,0.,1.0436641003693121e-6,0.,0.,0.,0.,0.,0.,0.,0.00010782349576749249,7.800806523648137e-7,2.0983085659980965e-6,0.00006427756423252963,9.50785811466539e-6,0.00002717887893100403,0.00073353139646967,0.1181223119190048,0.013052250820375798,0.4654533170582704,0.,0.0004129917604206664,0.0015262443364780103,0.011011594263812673,0.000577230851746506,0.09937719956969514,0.009600197153262664,0.08857241650228245,0.00008064634683852258,0.03019601998630191,0.,0.,0.,0.,0.,0.,0.,0.,0.,0.,0.,0.000046429599209564446,0.,0.0013193737804039396,0.005887388989003375,0.003537181540200281,0.004842885334821343,0.0010608904098265584,4.351341037774133e-7,3.4641780231940203e-6,0.,0.
0.00003188450355064843,0.,0.,0.00008685726744190445,0.00001772366713810972,0.,0.00003236345470439062,9.525792341631467e-6,0.,0.,0.,0.0011565354629095167,0.0016229616045344965,0.000017949416510680204,0.,0.,0.,0.,0.,0.,0.,0.,0.,0.,0.,0.,0.,0.,0.,0.,0.,0.,0.,0.,0.00004353355965312143,0.02503021539374469,0.00036786840112333337,7.288694486966726e-6,0.0028329524041206,0.,0.,0.04514666527908426,0.00021118091566375136,0.00044431794907162485,0.03361742803352836,0.0277565692853326,0.004531681784402721,0.10119094086097956,0.07925658838274978,0.003346283489682099,0.0002909264496808483,0.0004129917604206664,0.,0.047521031927582794,0.00796376611834963,0.0018531271666669142,0.000036890913195550266,0.000023191605513908435,0.00016498370251285152,0.000010961368483444524,0.00028891915837871645,0.,3.191662706146834e-7,0.,4.704730516077487e-6,0.,2.8181527507787006e-6,0.,0.,0.,0.,0.,1.1824062618565657e-6,0.,0.015869286278734872,0.0001340903797533622,0.32048961551302607,0.07389310895007835,0.0007334045523188794,0.018665369154101625,0.00015401126321992393,0.000019476936961783694,1.6765899323157075e-6
0.,0.,0.,0.,1.5724237813332555e-6,0.000022795561554630505,0.000056659419878725797,4.0243954035556175e-6,0.000051863984700414844,3.619538131046251e-6,0.,0.0014806293610582695,0.0010451113645375482,0.0001812093295055003,2.4203107372927793e-6,1.536066656930942e-6,0.,0.,0.,8.844879800520233e-7,0.,0.,0.,0.,0.,0.,0.,0.,0.,0.,0.,0.,0.,6.869582212225976e-6,0.00013914971144928358,0.042474649646267224,0.00002628283333191068,0.,0.00009865592864783147,0.,0.,0.0003252787902650016,1.4619634840971147e-6,4.189823329157866e-7,0.001000150760064043,0.002932743623490456,0.009386674531649113,0.03676250816915262,0.169489444669381,0.061681524554621864,0.0028069301667410142,0.0015262443364780103,0.047521031927582794,0.,0.04229354147845961,0.0030960920361729444,0.0001803985506585125,0.000022602541742289095,0.00020000553309645409,9.947835952091303e-6,0.0005157393340163543,0.,0.,1.9952522411362813e-6,3.319433573906115e-7,0.,3.971179708986244e-6,0.,0.,0.,0.,0.,5.428385247905697e-7,0.,0.008761525685615579,0.00047561785288566147,0.5261684287678353,0.028562691687795683,0.0004998575021516107,0.001483428932789632,0.00016913481176839367,0.,1.1241958396784402e-6
0.,0.,0.,0.,0.,0.,0.,0.,4.4862545649473205e-6,7.552105905693861e-6,0.,0.00008531490956151812,0.0002627730469919955,0.002598935857481431,0.00028656076408369935,6.173573010407113e-6,3.922433841534916e-6,0.,0.,1.8496777278471279e-6,0.,0.,0.,0.,0.,0.,0.,0.,0.,0.,0.,0.,0.,9.276284953999016e-7,0.006001165879008262,0.013793300274548616,0.000011305858258036549,0.,0.0009650028716359937,0.,0.,0.00008447341077620482,2.331930280882239e-6,4.668756554571989e-6,0.00020204716763714512,0.000020905213777518474,0.0001952235070132276,0.0007499549830031345,0.04261229305743169,0.020715451609928555,0.06921096502986551,0.011011594263812673,0.00796376611834963,0.04229354147845961,0.,0.026883958891476906,0.02777708633385521,0.031017218855671654,0.045439980902534545,0.000272797946784937,0.021247213708456118,0.,0.,0.,3.7522752645980113e-6,0.,4.626205977504242e-6,0.,0.,0.,0.,0.,0.00012207533783988568,0.,0.005057690111644509,0.07842015598040647,0.3651622310197903,0.03674897853500034,0.009266194094972894,0.0005703369278421631,0.0015413904827435865,8.007763108005817e-6,0.000015843907184380877
0.,0.,0.,1.8875348076190782e-7,0.,0.,0.,2.967385752927942e-7,0.,4.08845179295508e-6,0.,1.0670048005844686e-6,3.3024161227133057e-6,0.00014384446571627158,0.0037157342103984552,0.,0.00007136786074714753,0.00005733440959150546,5.4643042059131916e-6,0.00006398969124935123,0.,0.,0.,0.00003380058678898786,0.,0.,0.,0.,0.,0.,5.137540267858733e-6,1.6504208507545625e-6,4.484311758808032e-6,0.00014207496003701382,0.004654121818989479,0.0016632493469912715,0.000018161127427365397,0.,0.000028798349838641493,0.0015811226334990155,0.,0.000015067046495782969,1.4889492036274275e-6,0.,0.00004617686210081924,0.000014219770269890632,0.0000729789073016944,0.00007723756028735139,0.000335826044337533,0.00015912071683535622,0.000730418012718732,0.000577230851746506,0.0018531271666669142,0.0030960920361729444,0.026883958891476906,0.,0.0022066888581631816,0.012805505451822472,0.05046632882185139,0.004142549502199124,0.12423454024969187,0.0004703322198722882,0.0005318106170249276,0.0010253595995261666,0.017108499303009745,0.000578557033020963,0.008636058066646708,0.,0.,0.00001860566952608845,0.000014685159218710652,0.0000707259420619057,0.0013365382756439204,0.00009515007515311397,0.00466206502804201,0.07624387845508349,0.057080622002073,0.0033514599072639786,0.001343647703115994,0.00004571930602715708,0.09174678222233176,3.1307128717221004e-6,0.0007757655525245022
0.,0.,0.,0.,0.,0.,0.,0.,0.,0.,0.,0.,0.,0.000012785743677099638,0.,0.,0.,0.,0.,0.,0.,0.,0.,0.,0.,0.,0.,0.,0.,0.,0.,0.,0.,0.,2.303997056748248e-6,2.0018561955224667e-6,0.,0.,0.,0.,0.,0.000048474606590854935,2.440360812509664e-6,0.,0.000014921423081650724,0.00019684547135449495,0.006387582780128129,0.00041021381680275487,0.005621604203208138,0.01393617470472301,0.2379113425695727,0.09937719956969514,0.000036890913195550266,0.0001803985506585125,0.02777708633385521,0.0022066888581631816,0.,0.14973121196286118,0.09349686697594432,0.002216133021237677,0.017350954416232623,0.000013756755350733477,0.00007126448952167287,0.00012913081209477994,0.00045966323796643065,0.00006890162198724771,0.000022468211003515657,5.039662603701956e-7,0.,0.00002164254085814334,1.7292801488947053e-6,0.00009601454720414923,0.0009298179357018801,0.00016486532859985004,0.08597319856909647,0.026878267493668798,0.022726401686711854,0.07282696114111872,0.008742790615397181,0.,0.0007378996353516604,0.000011608775940560348,0.
0.,0.,0.,0.,0.,0.,0.,0.,0.,0.,0.,0.,0.,0.,0.000015709733039566474,0.,2.090045292655297e-6,1.4751671156916159e-6,1.5778812060093108e-6,0.,0.,0.,0.,0.,0.,0.,0.,0.,0.,0.,0.,0.,0.,0.,0.000047774114147874326,0.000018838147043366607,0.,0.,0.,1.8432942391692429e-6,0.,0.00010769025697559324,0.000020551258350905665,0.,9.872477773578289e-6,0.0006495806631527292,0.007276899258712479,0.0006163734629977556,0.0001734135147037688,0.004521988948980021,0.08485053894397454,0.009600197153262664,0.000023191605513908435,0.000022602541742289095,0.031017218855671654,0.012805505451822472,0.14973121196286118,0.,0.16863935818978362,0.14305308926545277,0.02356575778623039,0.00005522547718251466,0.0007344855916077037,0.0007868402305390916,0.004170128319605074,0.00172245260421307,0.0006754129135503637,0.000012072540317852093,4.687404612845304e-6,0.0008731663161855078,0.0002113213937798336,0.009840766710779204,0.025406265820638697,0.0008349019352729381,0.07897416048009552,0.023168318501604824,0.034726382870463125,0.017952468669029817,0.0038287678005042565,2.642826602732785e-7,0.013560658690124617,0.00003308693868265504,6.74288707063177e-6
0.,0.,0.,0.,0.,0.,0.,0.,0.,0.,0.,0.,0.,0.,3.1911270563286184e-6,0.,1.4308344020116954e-6,0.,4.0412347240266347e-7,4.992521948143946e-6,0.,0.,0.,0.,0.,0.,0.,0.,0.,0.,0.,0.,0.,0.,0.000021791890939155674,0.000019197502748179116,0.,0.,0.,0.,0.,0.0004048218089097672,0.000015349650814452726,0.,0.000052655092248008945,0.00016771514489922668,0.00045376204169397024,0.0015696601143204644,0.004680215367823987,0.01260387914827384,0.0929136425219641,0.08857241650228245,0.00016498370251285152,0.00020000553309645409,0.045439980902534545,0.05046632882185139,0.09349686697594432,0.16863935818978362,0.,0.13583433935297162,0.9361596017679182,0.13743181355914974,0.1509965428252031,0.0586417422860099,0.020388198057246766,0.008202409796821991,0.000168032958453199,1.3810148122882243e-6,0.,0.0007617914938094601,0.00012764854604629258,0.004599727645182537,0.028815711431568403,0.0025856169140691903,0.09732738321478471,0.02197347515887703,0.007008585621637122,0.030613111090151638,0.007012531846929996,2.2574575975571434e-7,0.0028290086175507107,0.000023242645680630434,0.
0.,0.,0.,0.,0.,0.,0.,0.,0.,0.,0.,0.,0.,0.,0.,0.,0.,0.,0.,0.,0.,0.,0.,0.,0.,0.,0.,0.,0.,0.,0.,0.,0.,0.,0.,3.37067165080256e-6,0.,0.,0.,6.89807449382779e-7,0.,0.000013888854773475831,1.6932809046498635e-6,0.,3.437478598610273e-6,0.000025132449362274048,0.00019025122852198568,0.00013734860861609613,0.0000315103224497224,0.00111567743507531,0.002718885434175444,0.00008064634683852258,0.000010961368483444524,9.947835952091303e-6,0.000272797946784937,0.004142549502199124,0.002216133021237677,0.14305308926545277,0.13583433935297162,0.,0.14601678287978026,0.021849113978831915,0.08182682253140608,0.15685372913109005,0.08124996885051616,0.08372894572651367,0.006264384987363167,0.00014351381056749757,0.00004098102242706327,0.03090831858592912,0.008056731330626904,0.03834211003012075,0.10356164525076227,0.011516209216905153,0.051168330307827456,0.002954967860478095,0.00007456041548180286,0.01025891016918656,0.0004911764921812891,0.,0.037029397807895874,0.000258613902134131,9.04081844664994e-6
0.,0.,0.,0.,0.,0.,2.849680779341717e-7,0.,0.,0.,0.000021475895191815475,4.364746433259874e-7,0.,0.,0.00007905273648371042,0.,0.,0.,0.,0.,0.,0.,0.,0.00001164792682713234,0.,0.,0.,0.,0.,0.,0.,0.,0.,0.,0.,1.9292456094205356e-7,0.,0.,6.497618135892304e-7,3.086785211230441e-6,0.,0.0002137157248922568,6.876014097174832e-6,0.,0.00004389587498770368,0.00005831273040714757,0.00015272957391833863,0.0008230731079635963,0.00251547247998052,0.004252522651085621,0.017252676329596327,0.03019601998630191,0.00028891915837871645,0.0005157393340163543,0.021247213708456118,0.12423454024969187,0.017350954416232623,0.02356575778623039,0.9361596017679182,0.14601678287978026,0.,0.019069406777106966,0.034965018873355236,0.04525615287661938,0.03743609711108463,0.004571288924339693,0.0018152903151073616,8.248631389483654e-6,3.331422676383419e-7,0.0008935598611291677,0.0002871121588466427,0.0015643913507469936,0.00419345725216917,0.000347875420796125,0.007614348737566672,0.007121834376213598,0.004187718340041102,0.004264156453509065,0.0009388690453932774,6.6708878245792806e-6,0.034605395618528295,2.8432974747638076e-6,0.00009434065364254353
0.,0.,0.,0.,0.,0.,0.,0.,0.,0.,0.,0.,0.,0.,0.,0.,0.,0.000018199858158621875,0.,0.,0.000029372882940348577,0.00005748781033468693,0.000020866676119228936,0.00009445377489773289,0.,0.,0.,0.,0.,0.,0.,0.,0.,0.,0.,0.,0.,0.,0.,0.,0.,0.,0.,0.,0.,0.,3.0950388010314733e-6,2.529784857476008e-6,2.0264389770307223e-6,0.000012565081405441865,0.00004347173461538247,0.,0.,0.,0.,0.0004703322198722882,0.000013756755350733477,0.00005522547718251466,0.13743181355914974,0.021849113978831915,0.019069406777106966,0.,0.10934755043347437,0.10743973798786212,0.00847163382603195,0.0017913124187085093,0.00001017207975157173,0.,0.,0.00002697084748392466,0.,0.000027798850111275466,0.00002990291506670055,0.000043276833984784895,0.00003387569291048336,0.000019807064593239583,0.,0.000019430627431364936,2.25367099797313e-6,0.,0.000249765853968265,0.,0.
0.,0.,0.,0.,0.,0.,0.,0.,0.,0.,0.,0.,0.,0.,0.,0.,0.,0.,0.,0.,0.00003260421364026882,0.,0.,0.,0.,0.,0.,0.,0.,0.,0.,0.,0.,0.,0.,0.,0.,0.,0.,0.,0.,2.7208815840579737e-6,2.5437285383443566e-7,0.,3.3871879586608973e-7,0.,0.000014588443872802258,0.000014068029396768783,8.2446840044449e-7,0.0001061204625687429,0.00014192094746598902,0.,3.191662706146834e-7,0.,0.,0.0005318106170249276,0.00007126448952167287,0.0007344855916077037,0.1509965428252031,0.08182682253140608,0.034965018873355236,0.10934755043347437,0.,0.5113129324251254,0.11970082475131841,0.04722288767072338,0.00020343300237006447,4.4750062218591244e-7,0.,0.001444818920138558,0.0005221827117413197,0.0007559532871669809,0.000131126264820885,0.00004588742148999638,0.00021784443754410755,0.000033835655130582606,0.,0.00011713515441687486,6.380536002032782e-6,0.,0.0006771486532417916,2.2856942548319982e-6,0.
0.,0.,0.,0.,0.,0.,0.,0.,0.,0.,0.,0.,0.,0.,0.,0.,0.,0.,0.,0.,0.,0.00003931057836110833,0.,5.6943005110776286e-6,0.,0.,0.,0.,0.,0.,0.,0.,0.,0.,0.,0.,0.,0.,0.,0.,0.,4.090134858056564e-7,0.,0.,0.,9.134831004389262e-7,2.1147653689872523e-6,8.934744939505665e-6,4.8029107410741155e-6,0.0001362315972483214,0.0001491902708423481,0.,0.,1.9952522411362813e-6,0.,0.0010253595995261666,0.00012913081209477994,0.0007868402305390916,0.0586417422860099,0.15685372913109005,0.04525615287661938,0.10743973798786212,0.5113129324251254,0.,0.31460574972346006,0.29011833401870557,0.00369824620118733,0.00007373249651335242,9.919978914255823e-6,0.01923367330356767,0.009366857483440752,0.018891092703781042,0.0021429748927967954,0.00043460119831140707,0.0034964227577151015,0.0001000668434703808,0.,0.0009851897992385497,0.000020928097209390497,0.,0.010465388483311792,0.000061008839176633255,0.
0.,0.,0.,0.,0.,0.,0.,0.,0.,0.,0.,0.,0.,0.,5.657447936636092e-6,0.,0.,0.,0.,0.,0.,0.000030394397542444162,3.6226881423855034e-6,0.0001870834047181756,0.,0.,0.,0.,0.,0.,0.,0.,0.,0.,0.,0.,0.,0.,0.,0.,0.,9.85806180336169e-6,1.65527211404371e-6,0.,2.592572842022746e-7,0.000035991459316411106,0.00020111940613047683,0.0000501127503025086,4.8023864769009996e-6,0.0006601543048549721,0.0012240753067340874,0.,4.704730516077487e-6,3.319433573906115e-7,3.7522752645980113e-6,0.017108499303009745,0.00045966323796643065,0.004170128319605074,0.020388198057246766,0.08124996885051616,0.03743609711108463,0.00847163382603195,0.11970082475131841,0.31460574972346006,0.,0.11670170084766521,0.013362354922732895,0.00001042505817430206,9.595851246739273e-6,0.017313666255087807,0.0038936957988170992,0.01608633853028667,0.004852122147084779,0.0002076805785839821,0.0016745868023551548,0.00022029487062369732,3.2808893876666534e-6,0.0003124741655844744,7.352322047594751e-6,0.,0.023868258561333726,0.00001642819930843449,0.00013977210942454262
0.,0.,0.,0.,0.,0.,0.,0.,0.,0.,0.,0.,0.,0.,0.,0.,0.,0.,0.,0.,0.,0.,0.,0.,0.,0.,0.,0.,0.,0.,0.,0.,0.,0.,0.,0.,0.,0.,0.,0.,0.,3.0901765403618203e-7,0.,0.,2.2641811172319857e-7,2.0852659947761154e-6,0.000026643128454429435,2.575750038805703e-6,4.982571348178572e-7,0.00007096409884396487,0.00015204277991143753,0.,0.,0.,0.,0.000578557033020963,0.00006890162198724771,0.00172245260421307,0.008202409796821991,0.08372894572651367,0.004571288924339693,0.0017913124187085093,0.04722288767072338,0.29011833401870557,0.11670170084766521,0.,0.01886805089255315,0.005977774288990467,0.004017406436719799,0.13875845449976495,0.08256741948652979,0.09396576060632449,0.03936633472800886,0.0007643584424100216,0.01202515445532046,0.0003225306911395459,0.,0.0023652147189378745,0.00005167355269794525,0.,0.04100616285518684,0.013780131039656227,0.000010965351368402036
0.,0.,0.,0.,0.,0.,0.,0.,0.,0.,0.,0.,0.,0.,3.579943592695142e-6,0.,0.,0.,0.,0.,0.,0.,0.,0.,0.,0.,0.,0.,0.,0.,0.,0.,0.,0.,0.,0.,0.,0.,3.8015612532488626e-6,0.,0.,0.,2.6343516078213424e-7,0.,0.,7.666020948247876e-7,0.000010984920048635516,3.0393889141944384e-6,7.211753134778169e-7,0.000043183423333321106,0.00013142551181864978,0.,2.8181527507787006e-6,3.971179708986244e-6,4.626205977504242e-6,0.008636058066646708,0.000022468211003515657,0.0006754129135503637,0.000168032958453199,0.006264384987363167,0.0018152903151073616,0.00001017207975157173,0.00020343300237006447,0.00369824620118733,0.013362354922732895,0.01886805089255315,0.,0.015717485374862783,0.00016538358990942565,0.01147341663271054,0.005657017148597154,0.012510850053024618,0.00835362996199062,0.00028388122844126513,0.001079121161871997,0.0008257672406771477,6.062151009268657e-6,0.0001556172807254818,7.861122029680609e-6,0.,0.057682587197226645,0.00040138737834666976,0.0009528924360023338
0.,0.,0.,0.,0.,0.,0.,0.,0.,0.,0.,0.,0.,0.,0.,0.,0.,0.,0.,0.,0.,0.,0.,0.,0.,0.,0.,0.,0.,0.,0.,0.,0.,0.,0.,0.,0.,0.,0.,0.,0.,0.,0.,0.,0.,0.,0.,0.,0.,0.,0.,0.,0.,0.,0.,0.,5.039662603701956e-7,0.000012072540317852093,1.3810148122882243e-6,0.00014351381056749757,8.248631389483654e-6,0.,4.4750062218591244e-7,0.00007373249651335242,0.00001042505817430206,0.005977774288990467,0.015717485374862783,0.,0.004462335073433753,0.008904415940367309,0.0032334959722358537,0.0007753928295639032,0.00817589888469907,0.00008571013286030321,0.011881418339336841,0.00002023305763918571,0.,0.0013821099759953345,4.86310312703768e-6,0.,0.025544893505233916,0.014972525818024454,0.00003260423029811756
0.,0.,0.,0.,0.,0.,0.,0.,0.,0.,0.,0.,0.,0.,0.,0.,0.,0.,0.,0.,0.,0.,0.,0.,0.,0.,0.,0.,0.,0.,0.,0.,0.,0.,0.,0.,0.,0.,0.,0.,0.,0.,0.,0.,0.,0.,0.,0.,0.,0.,0.,0.,0.,0.,0.,0.,0.,4.687404612845304e-6,0.,0.00004098102242706327,3.331422676383419e-7,0.,0.,9.919978914255823e-6,9.595851246739273e-6,0.004017406436719799,0.00016538358990942565,0.004462335073433753,0.,0.0038999379288399754,0.0027419777732884745,0.000356556562643813,0.007854180662628779,0.00003327578732252905,0.01066798206415928,3.0134510723104198e-6,0.,0.001712852352621049,0.,0.,0.0040494490773657415,0.0376855959656873,0.
0.,0.,0.,0.,0.,0.,0.,0.,0.,0.,0.,0.,0.,0.,0.,0.,0.,0.,0.,0.,0.,0.,0.,0.,0.,0.,0.,0.,0.,0.,0.,0.,0.,0.,0.,0.,0.,0.,0.,0.,0.,0.,0.,0.,0.,1.5473421839237445e-6,2.5112796455906176e-6,1.2380878966761046e-6,0.,4.436313459205998e-6,0.000026708206186372672,0.,0.,0.,0.,0.00001860566952608845,0.00002164254085814334,0.0008731663161855078,0.0007617914938094601,0.03090831858592912,0.0008935598611291677,0.00002697084748392466,0.001444818920138558,0.01923367330356767,0.017313666255087807,0.13875845449976495,0.01147341663271054,0.008904415940367309,0.0038999379288399754,0.,0.22267193762319668,0.12844464608006045,0.03800317758458439,0.00046572948519731913,0.015987334825505888,0.00008088837367283836,1.2512472287002555e-6,0.0018181072394876853,4.731676610695431e-6,0.,0.03419248267146479,0.030950453952944282,0.
0.,0.,0.,0.,0.,0.,0.,0.,0.,0.,0.,0.,0.,0.,0.,0.,0.,0.,0.,0.,0.,0.,0.,0.,0.,0.,0.,0.,0.,0.,0.,0.,0.,0.,0.,0.,0.,0.,0.,0.,0.,0.,0.,0.,0.,0.,5.50421433095203e-7,0.,0.,0.,1.5647675389952654e-6,0.,0.,0.,0.,0.000014685159218710652,1.7292801488947053e-6,0.0002113213937798336,0.00012764854604629258,0.008056731330626904,0.0002871121588466427,0.,0.0005221827117413197,0.009366857483440752,0.0038936957988170992,0.08256741948652979,0.005657017148597154,0.0032334959722358537,0.0027419777732884745,0.22267193762319668,0.,0.03530616548621161,0.05048287853890556,0.000788865629775199,0.00829868949015861,0.00012352805566477983,0.,0.0008775759950830191,2.5903492001816163e-6,0.,0.023393515695478324,0.009927387933558214,2.3633250046878636e-6
0.,0.,0.,0.,0.,0.,0.,0.,0.,0.,0.,0.,0.,0.,0.,0.,0.,0.,0.,0.,0.,0.,0.,0.,0.,0.,0.,0.,0.,0.,0.,0.,0.,0.,0.,0.,0.,0.,0.,0.,0.,0.,0.,0.,0.,0.,0.000011908521903070047,7.788483897029979e-6,0.,0.00004933258377418126,0.00020627976175180518,0.,0.,0.,0.,0.0000707259420619057,0.00009601454720414923,0.009840766710779204,0.004599727645182537,0.03834211003012075,0.0015643913507469936,0.000027798850111275466,0.0007559532871669809,0.018891092703781042,0.01608633853028667,0.09396576060632449,0.012510850053024618,0.0007753928295639032,0.000356556562643813,0.12844464608006045,0.03530616548621161,0.,0.06678260645514023,0.010866212838521188,0.020523686497143655,0.0009170757519226649,0.,0.0018999465685792633,0.0001439434889733026,0.,0.05116209955211776,0.0007629037302072804,0.00003796568775570735
0.,0.,0.,0.,0.,0.,0.,0.,0.,0.,0.,0.,0.,0.,1.7173963585506855e-6,0.,0.,0.,0.,0.,0.,0.,0.,0.,0.,0.,0.,0.,0.,0.,0.,0.,0.,0.,5.655670013588078e-6,5.946914782804925e-6,0.,0.,0.,1.1749121650526386e-6,0.,0.000015928946514196306,4.196058116744744e-6,0.,3.3434837687488594e-7,0.00004437409553358066,0.000501780036731797,0.000039075730877606735,2.142650580621367e-6,0.0002109375805142767,0.0009011773206694927,0.000046429599209564446,1.1824062618565657e-6,5.428385247905697e-7,0.00012207533783988568,0.0013365382756439204,0.0009298179357018801,0.025406265820638697,0.028815711431568403,0.10356164525076227,0.00419345725216917,0.00002990291506670055,0.000131126264820885,0.0021429748927967954,0.004852122147084779,0.03936633472800886,0.00835362996199062,0.00817589888469907,0.007854180662628779,0.03800317758458439,0.05048287853890556,0.06678260645514023,0.,0.058208612385100056,0.044170479609622566,0.017969996753128586,0.0004331558908090889,0.011903894381895049,0.002932070309592328,1.635948967904222e-6,0.14157667389177483,0.011035142835742577,0.0002699416282899746
0.,0.,0.,0.,0.,0.,0.,0.,0.,0.,0.,0.,0.,0.,0.,0.,0.,0.,0.,0.,0.,0.,0.,0.,0.,0.,0.,0.,0.,0.,0.,0.,0.,0.,0.,0.,0.,0.,0.,0.,0.,1.5231462419267908e-6,0.,0.,0.,8.055904250462773e-6,0.000017848886785604627,1.969291496860385e-6,0.,7.889404358063415e-7,0.00004257836405394167,0.,0.,0.,0.,0.00009515007515311397,0.00016486532859985004,0.0008349019352729381,0.0025856169140691903,0.011516209216905153,0.000347875420796125,0.000043276833984784895,0.00004588742148999638,0.00043460119831140707,0.0002076805785839821,0.0007643584424100216,0.00028388122844126513,0.00008571013286030321,0.00003327578732252905,0.00046572948519731913,0.000788865629775199,0.010866212838521188,0.058208612385100056,0.,0.008518648747197722,0.015567037322579346,0.00017689323478095882,0.009493122496417684,0.0032032832971162096,1.382013554235049e-6,0.013466952297336974,0.0009273775876886056,0.00013256996339609437
0.,0.,0.,0.,1.017492517313315e-6,0.,0.,1.017492762198445e-6,0.,0.,0.,0.00008600397567370606,9.088601910246671e-6,0.,0.00003960082708763338,0.,2.222708058406189e-6,0.,0.,1.037028506886491e-6,0.,0.,0.,0.,0.,0.,0.,0.,0.,0.,0.,0.,0.,8.163413126903631e-6,0.00007235399468395013,0.00013600434326508097,0.,0.,7.648014082280759e-6,0.0000431553696783966,0.,0.01596188398485955,0.00013950271554396006,6.113290404616094e-6,0.0019469211808130894,0.007069369101814968,0.05113979313673587,0.05419404565819554,0.013080448792403762,0.06413945230045127,0.15064924148750877,0.0013193737804039396,0.015869286278734872,0.008761525685615579,0.005057690111644509,0.00466206502804201,0.08597319856909647,0.07897416048009552,0.09732738321478471,0.051168330307827456,0.007614348737566672,0.00003387569291048336,0.00021784443754410755,0.0034964227577151015,0.0016745868023551548,0.01202515445532046,0.001079121161871997,0.011881418339336841,0.01066798206415928,0.015987334825505888,0.00829868949015861,0.020523686497143655,0.044170479609622566,0.008518648747197722,0.,0.06465885583895765,0.03220917835136994,0.310485905802536,0.020813588327351865,0.003099604357765981,0.10970195807897053,0.1125518917909453,0.00040091440639906137
0.,0.,0.,1.3922302096966899e-6,0.,1.6728649200306778e-6,2.4315534826088394e-6,1.0708595142770783e-6,0.,6.756965108158316e-6,2.0018558576251333e-6,0.000018174449587098913,0.00017859757488779257,0.009050252920026427,0.01026975168865963,7.68936836044929e-6,0.00016310594122119162,1.7922778046974818e-6,9.501543618963378e-6,0.000010437903962402376,0.,0.,0.,0.00006155452073675672,0.,7.867556634023462e-6,0.,0.,0.,0.,1.5973826010510952e-6,0.,0.000013900094198656358,0.0003621952955658924,0.15652403956080863,0.02052178073435065,0.00009626745802165114,0.005363058308505366,0.005555379993735297,0.005866519916726119,0.00018733132943830855,0.000027635547494683367,2.510345751187151e-6,0.,0.0005713374352802198,0.00004454106249043484,0.0007087271817923314,0.0002876772850597094,0.0015053796268638517,0.008015151891197272,0.0816687546652819,0.005887388989003375,0.0001340903797533622,0.00047561785288566147,0.07842015598040647,0.07624387845508349,0.026878267493668798,0.023168318501604824,0.02197347515887703,0.002954967860478095,0.007121834376213598,0.000019807064593239583,0.000033835655130582606,0.0001000668434703808,0.00022029487062369732,0.0003225306911395459,0.0008257672406771477,0.00002023305763918571,3.0134510723104198e-6,0.00008088837367283836,0.00012352805566477983,0.0009170757519226649,0.017969996753128586,0.015567037322579346,0.06465885583895765,0.,0.1900891659487837,0.14879464039124216,0.10118813566864869,0.041942880792464506,0.40911760342504644,0.03530114443903596,0.33113321626245673
0.00011462684392319582,0.,0.,0.00010677846373028917,0.00005875398201744249,0.000058792102405921574,0.0001348907229641942,0.000021358012341395387,0.000029175826586041104,9.075864780946024e-6,0.,0.021523854948978047,0.026944562094678316,0.006447278250282118,0.0010465305061256465,7.388632229149588e-7,0.000021443667701346122,0.000010164674996510456,1.6759314023228664e-6,9.80042592439355e-7,0.,0.,0.,5.86815878526392e-6,0.,0.,0.,0.,0.,0.,0.,0.,1.1513757991045021e-6,0.00011077973351503866,0.007730580062971212,0.5667451568450029,0.0011102375870599864,0.0011347545289895123,0.009819409414318091,0.00046582738257719246,3.0442272581940637e-6,0.05518640680091374,0.00008191254764275878,0.00002398934244162969,0.0810910949049603,0.011523923290350561,0.039748913943116145,0.0910400989333024,0.11491027857032625,0.22584094846220007,0.12391238239162994,0.003537181540200281,0.32048961551302607,0.5261684287678353,0.3651622310197903,0.057080622002073,0.022726401686711854,0.034726382870463125,0.007008585621637122,0.00007456041548180286,0.004187718340041102,0.,0.,0.,3.2808893876666534e-6,0.,6.062151009268657e-6,0.,0.,1.2512472287002555e-6,0.,0.,0.0004331558908090889,0.00017689323478095882,0.03220917835136994,0.1900891659487837,0.,0.27557218773563597,0.31338410182629256,0.010970289774727157,0.020825926301578025,0.005005512737984776,0.0012217431102042736
0.,0.,0.,0.,7.309812947016362e-7,0.,0.,0.,0.,6.826968639684128e-7,0.,0.00016536627209144802,0.0000408980283629126,0.,0.000011703348330266293,0.,0.,0.,0.,0.,0.,0.,0.,0.,0.,0.,0.,0.,0.,0.,0.,0.,0.,2.317632408799068e-6,0.00004864750100332921,0.0007136933312393558,0.0000137933536892398,0.000010621757522978273,0.0001222725119671499,0.00001001773565890335,0.,0.1739283060833091,0.00022350341918355945,0.00011304036268491448,0.05626080531034118,0.010971533753712116,0.0857136211642765,0.08661272895602512,0.04235928686072024,0.24817270298936087,0.32365058024644333,0.004842885334821343,0.07389310895007835,0.028562691687795683,0.03674897853500034,0.0033514599072639786,0.07282696114111872,0.017952468669029817,0.030613111090151638,0.01025891016918656,0.004264156453509065,0.000019430627431364936,0.00011713515441687486,0.0009851897992385497,0.0003124741655844744,0.0023652147189378745,0.0001556172807254818,0.0013821099759953345,0.001712852352621049,0.0018181072394876853,0.0008775759950830191,0.0018999465685792633,0.011903894381895049,0.009493122496417684,0.310485905802536,0.14879464039124216,0.27557218773563597,0.,0.03744091213815884,0.011334388016137342,0.07147969641457097,0.1117248318715455,0.0005402255736072493
9.985042467927244e-7,0.,0.,0.,0.,0.,0.,0.,0.,0.,0.,5.636026778325015e-6,1.867317989494988e-6,0.,4.4664854155608735e-6,0.,0.,0.,0.,0.,0.,0.,0.,0.,0.,0.,0.,0.,0.,0.,0.,0.,0.,0.,0.002242873361130308,0.0002460903919197003,0.00005714225144550078,0.005997203816307487,0.0025224010349003158,0.00004816117554352172,0.0001117565815190964,0.00035432160639139293,4.7491339866141854e-7,0.,0.0003294278933166192,0.00006870766721283632,0.00262334641177094,0.0013391623284156166,0.0013331216884277712,0.010360649630197505,0.033880729746550965,0.0010608904098265584,0.0007334045523188794,0.0004998575021516107,0.009266194094972894,0.001343647703115994,0.008742790615397181,0.0038287678005042565,0.007012531846929996,0.0004911764921812891,0.0009388690453932774,2.25367099797313e-6,6.380536002032782e-6,0.000020928097209390497,7.352322047594751e-6,0.00005167355269794525,7.861122029680609e-6,4.86310312703768e-6,0.,4.731676610695431e-6,2.5903492001816163e-6,0.0001439434889733026,0.002932070309592328,0.0032032832971162096,0.020813588327351865,0.10118813566864869,0.31338410182629256,0.03744091213815884,0.,0.020376018351061245,0.02547834102537712,0.013142356178775225,0.0015305801633962004
6.6074371459979564e-6,0.,0.,0.00004956665984205446,0.,0.,4.383007065555013e-6,0.,0.,0.,0.,0.0011360747590189889,0.,0.00040342326616281973,2.530796024434982e-6,0.,0.,0.,0.,0.,0.,0.,0.,0.,0.,0.,0.,0.,0.,0.,0.,0.,0.,4.08430889096638e-6,0.0044177845292072354,0.02256199078037432,0.00011489615147949395,0.005604821712672905,0.004959651028658104,0.0000600868386603464,0.00017286860711322388,0.022742387396493185,2.5561678245964157e-6,0.000011652811573921939,0.01625496928259642,0.00010571733492745294,0.000052315024512885404,0.0007329323202668252,0.00009128842985548976,0.00006155764609493722,0.000010307925784429957,4.351341037774133e-7,0.018665369154101625,0.001483428932789632,0.0005703369278421631,0.00004571930602715708,0.,2.642826602732785e-7,2.2574575975571434e-7,0.,6.6708878245792806e-6,0.,0.,0.,0.,0.,0.,0.,0.,0.,0.,0.,1.635948967904222e-6,1.382013554235049e-6,0.003099604357765981,0.041942880792464506,0.010970289774727157,0.011334388016137342,0.020376018351061245,0.,0.017691384893849645,0.007150380097938156,0.011489613232604121
0.,0.,0.,0.,0.,0.,3.6955412505636115e-7,0.,0.,0.,0.,0.,0.,5.496382507252299e-6,0.0020912734410502014,0.,0.00004251538258880949,0.,0.,0.,0.,0.,0.,0.000024573187988121204,0.,0.,0.,0.,0.,0.,0.,0.,1.6759308846567287e-6,5.3244571891484654e-6,0.0014980001870006122,0.00018732430506525103,5.7858091213708625e-6,0.00005733613905058625,0.00021321263685963434,0.0018227434140768407,0.000010619563620825022,0.000017515490458197165,1.138112881165262e-6,0.,0.00010708627728172582,0.00008955351787802765,0.0008124108866329771,0.000099338842125204,0.000012260646608402536,0.0007689202636469657,0.0017472869072312235,3.4641780231940203e-6,0.00015401126321992393,0.00016913481176839367,0.0015413904827435865,0.09174678222233176,0.0007378996353516604,0.013560658690124617,0.0028290086175507107,0.037029397807895874,0.034605395618528295,0.000249765853968265,0.0006771486532417916,0.010465388483311792,0.023868258561333726,0.04100616285518684,0.057682587197226645,0.025544893505233916,0.0040494490773657415,0.03419248267146479,0.023393515695478324,0.05116209955211776,0.14157667389177483,0.013466952297336974,0.10970195807897053,0.40911760342504644,0.020825926301578025,0.07147969641457097,0.02547834102537712,0.017691384893849645,0.,0.029889712073686885,0.021395123790488184
0.,0.,0.,0.,0.,0.,0.,0.,0.,0.,0.,0.,0.,0.,0.,0.,0.,0.,0.,0.,0.,0.,0.,0.,0.,0.,0.,0.,0.,0.,0.,0.,0.,0.,0.000047873552912091065,9.084273111129882e-6,2.1318752212449646e-6,0.000033310981009246755,0.00019534458821677958,0.,0.000050708310899254755,0.0010014378803198153,0.,0.,0.0001839454247817805,0.,0.00001106584097705227,7.134614641828234e-6,1.4541762686529856e-6,0.00006975176373098677,0.00008097094270492608,0.,0.000019476936961783694,0.,8.007763108005817e-6,3.1307128717221004e-6,0.000011608775940560348,0.00003308693868265504,0.000023242645680630434,0.000258613902134131,2.8432974747638076e-6,0.,2.2856942548319982e-6,0.000061008839176633255,0.00001642819930843449,0.013780131039656227,0.00040138737834666976,0.014972525818024454,0.0376855959656873,0.030950453952944282,0.009927387933558214,0.0007629037302072804,0.011035142835742577,0.0009273775876886056,0.1125518917909453,0.03530114443903596,0.005005512737984776,0.1117248318715455,0.013142356178775225,0.007150380097938156,0.029889712073686885,0.,0.0043662934790020605
0.,0.,0.,0.00003970634081909356,0.,0.,0.,0.,0.,6.722343885484637e-7,0.,0.,1.8263421096684932e-6,0.000017122501807832568,0.0002921371523455692,0.,0.00010997061060028311,7.203612861863124e-6,0.000010807282928850163,0.000019667358868639266,0.,0.,0.,7.100469565232212e-6,0.,0.00015709643008369467,0.,0.,0.,0.,0.,0.00003896668086689192,0.000033133995088162324,0.0004834781922721592,0.2265232759623292,0.0028961630402493063,0.0009225203453534609,0.005543733085248217,0.01125444854225506,0.023169499037669912,0.005051931783523345,0.,0.,0.,0.00008757041662567168,0.,2.2797446234733734e-6,0.,2.0791913415253715e-6,2.5177491580271977e-6,0.,0.,1.6765899323157075e-6,1.1241958396784402e-6,0.000015843907184380877,0.0007757655525245022,0.,6.74288707063177e-6,0.,9.04081844664994e-6,0.00009434065364254353,0.,0.,0.,0.00013977210942454262,0.000010965351368402036,0.0009528924360023338,0.00003260423029811756,0.,0.,2.3633250046878636e-6,0.00003796568775570735,0.0002699416282899746,0.00013256996339609437,0.00040091440639906137,0.33113321626245673,0.0012217431102042736,0.0005402255736072493,0.0015305801633962004,0.011489613232604121,0.021395123790488184,0.0043662934790020605,0.
